/*
SQLyog Ultimate v8.55 
MySQL - 5.5.25 : Database - jobportal
*********************************************************************
*/

/*!40101 SET NAMES utf8 */;

/*!40101 SET SQL_MODE=''*/;

/*!40014 SET @OLD_UNIQUE_CHECKS=@@UNIQUE_CHECKS, UNIQUE_CHECKS=0 */;
/*!40014 SET @OLD_FOREIGN_KEY_CHECKS=@@FOREIGN_KEY_CHECKS, FOREIGN_KEY_CHECKS=0 */;
/*!40101 SET @OLD_SQL_MODE=@@SQL_MODE, SQL_MODE='NO_AUTO_VALUE_ON_ZERO' */;
/*!40111 SET @OLD_SQL_NOTES=@@SQL_NOTES, SQL_NOTES=0 */;
CREATE DATABASE /*!32312 IF NOT EXISTS*/`jobportal` /*!40100 DEFAULT CHARACTER SET utf8 */;

USE `jobportal`;

/*Table structure for table `address_details` */

DROP TABLE IF EXISTS `address_details`;

CREATE TABLE `address_details` (
  `id` bigint(20) NOT NULL AUTO_INCREMENT,
  `address` text,
  `city` int(11) DEFAULT NULL,
  `state` int(11) DEFAULT NULL,
  `pincode` varchar(10) DEFAULT NULL,
  `userId` bigint(20) DEFAULT NULL,
  PRIMARY KEY (`id`),
  UNIQUE KEY `FK_addressdetails` (`userId`)
) ENGINE=InnoDB AUTO_INCREMENT=7 DEFAULT CHARSET=utf8;

/*Data for the table `address_details` */

insert  into `address_details`(`id`,`address`,`city`,`state`,`pincode`,`userId`) values (5,'this is testing ',1114,30,'456232',8),(6,'HN 272 \nNEAR BTM',1607,39,'3131221',9);

/*Table structure for table `advance_setting` */

DROP TABLE IF EXISTS `advance_setting`;

CREATE TABLE `advance_setting` (
  `id` int(11) NOT NULL AUTO_INCREMENT,
  `fieldName` varchar(50) DEFAULT NULL,
  PRIMARY KEY (`id`)
) ENGINE=InnoDB AUTO_INCREMENT=5 DEFAULT CHARSET=utf8;

/*Data for the table `advance_setting` */

insert  into `advance_setting`(`id`,`fieldName`) values (1,'Do you want to subscribe for news letter?'),(2,'Do you want to show your contact no ?'),(3,'Do you want to show your address ?'),(4,'Do you want to display your email?');

/*Table structure for table `advance_setting_user_map` */

DROP TABLE IF EXISTS `advance_setting_user_map`;

CREATE TABLE `advance_setting_user_map` (
  `id` int(11) NOT NULL AUTO_INCREMENT,
  `userId` bigint(20) DEFAULT NULL,
  `advanceSettingId` int(11) DEFAULT NULL,
  `advanceSettingValue` tinyint(1) DEFAULT NULL,
  PRIMARY KEY (`id`),
  KEY `advanceSettingId` (`advanceSettingId`),
  CONSTRAINT `advance_setting_user_map_ibfk_1` FOREIGN KEY (`advanceSettingId`) REFERENCES `advance_setting` (`id`)
) ENGINE=InnoDB DEFAULT CHARSET=utf8;

/*Data for the table `advance_setting_user_map` */

/*Table structure for table `contact_purpose` */

DROP TABLE IF EXISTS `contact_purpose`;

CREATE TABLE `contact_purpose` (
  `id` int(11) NOT NULL AUTO_INCREMENT,
  `value` varchar(50) DEFAULT NULL,
  PRIMARY KEY (`id`)
) ENGINE=InnoDB AUTO_INCREMENT=5 DEFAULT CHARSET=utf8;

/*Data for the table `contact_purpose` */

insert  into `contact_purpose`(`id`,`value`) values (1,'Gernal Information'),(2,'Technical Issue'),(3,'Suggest Enhancement'),(4,'Other');

/*Table structure for table `contact_us` */

DROP TABLE IF EXISTS `contact_us`;

CREATE TABLE `contact_us` (
  `id` bigint(20) NOT NULL AUTO_INCREMENT,
  `name` varchar(50) DEFAULT NULL,
  `contactPurpose` int(11) DEFAULT NULL,
  `siteUserId` bigint(20) DEFAULT NULL,
  `subject` varchar(50) DEFAULT NULL,
  `message` text,
  `submitDate` datetime DEFAULT NULL,
  `email` varchar(100) DEFAULT NULL,
  PRIMARY KEY (`id`)
) ENGINE=InnoDB DEFAULT CHARSET=utf8;

/*Data for the table `contact_us` */

/*Table structure for table `job_category` */

DROP TABLE IF EXISTS `job_category`;

CREATE TABLE `job_category` (
  `id` int(11) NOT NULL AUTO_INCREMENT,
  `jobCat` varchar(50) DEFAULT NULL,
  `userTypeId` int(11) NOT NULL,
  PRIMARY KEY (`id`),
  KEY `FK_jobcategory_userTypes` (`userTypeId`),
  CONSTRAINT `FK_jobcategory_userTypes` FOREIGN KEY (`userTypeId`) REFERENCES `user_type` (`id`) ON DELETE NO ACTION ON UPDATE NO ACTION
) ENGINE=InnoDB AUTO_INCREMENT=17 DEFAULT CHARSET=utf8;

/*Data for the table `job_category` */

insert  into `job_category`(`id`,`jobCat`,`userTypeId`) values (1,'Air-conditioning Specialist',2),(2,'Bathroom Specialist',2),(3,'Carpenter / Joiner',2),(4,'Electrician',2),(5,'Flooring Specialist',2),(6,'Garden / External Design',2),(7,'General Contactor',2),(8,'Kitchen Specialist',2),(9,'Painter / Decorator',2),(10,'Plumber',2),(11,'Renovation Specialist',2),(12,'Roofing / Waterproofing',2),(13,'Swimming Pool / Water Feature',2),(14,'Tiler / Paver',2),(15,'Window Specialist',2),(16,'Handyman',2);

/*Table structure for table `job_sub_category` */

DROP TABLE IF EXISTS `job_sub_category`;

CREATE TABLE `job_sub_category` (
  `id` int(11) NOT NULL AUTO_INCREMENT,
  `jobCatId` int(11) DEFAULT NULL,
  `jobSubCat` varchar(30) DEFAULT NULL,
  PRIMARY KEY (`id`),
  KEY `FK_jobsubcategory` (`jobCatId`),
  CONSTRAINT `FK_jobsubcategory` FOREIGN KEY (`jobCatId`) REFERENCES `job_category` (`id`)
) ENGINE=InnoDB AUTO_INCREMENT=81 DEFAULT CHARSET=utf8;

/*Data for the table `job_sub_category` */

insert  into `job_sub_category`(`id`,`jobCatId`,`jobSubCat`) values (1,1,'Aircon Servicing'),(2,1,'Aircon Repair'),(3,1,'Aircon Installation'),(4,1,'Contract Maintenance'),(5,1,'Air Conditioner Checking Servi'),(6,2,'Bathroom Design'),(7,2,'Bathroom Installation'),(8,2,'Bathroom Repair'),(9,2,'Bathroom Plumbing'),(10,2,'Bathroom Electrics'),(11,3,'Bespoke Furniture Design & Bui'),(12,3,'General Fitted Furniture'),(13,3,'Wooden Doors repair/installati'),(14,3,'Flat pack Furniture Assembly'),(15,3,'Architectural Joinery'),(16,4,'Electrical Inspecting /Testing'),(17,4,'Lighting  & power -Internal'),(18,4,'Lighting  & power -external'),(19,4,'Electrical Appliances Repair'),(20,4,'Access Control /Door Entry'),(21,5,'Floor Tiling '),(22,5,'Carpet Laying'),(23,5,'Floor Sandling & Finishing'),(24,5,'Linoleum/wood/Laminate install'),(25,5,'Screeding/Polished Concrete'),(26,6,'Decking/Wood and Composite'),(27,6,'Garden Design'),(28,6,'Garden Maintenance'),(29,6,'Hard Landscaping'),(30,6,'Pond & Water Feature'),(31,7,'Plasterer/Renderer'),(32,7,'Bricklayer'),(33,7,'Ironmongery/Metalwork'),(34,7,'Scaffolding'),(35,7,'Demolition'),(36,8,'Kitichen Design '),(37,8,'Kitichen Installation'),(38,8,'Bespoke Kitichen Furniture'),(39,8,'Worktop Specialist Installatio'),(40,8,'Kitchen Electrical'),(41,9,'Internal Painting'),(42,9,'Wallpapering'),(43,9,'Covering,Cornice Installation'),(44,9,'Decorative Panting'),(45,10,'Water Heater Repair and Instal'),(46,10,'Bathroom,Kitchen plumbing'),(47,10,'Plumbing Repair & Maintenance'),(48,10,'Solar Heating System'),(49,10,'Drain Cleaning Services,Blocke'),(50,11,'Whole Internal Refurbishment'),(51,11,'Sound & Audio Visual Installat'),(52,11,'Project Management'),(53,11,'Design Consultancy'),(54,11,'Room Convertion'),(55,12,'Roofing Installation'),(56,12,'Sealing/Treatment/Waterproofin'),(57,12,'Roofing Repair/maintenance'),(58,12,'Fascias/Soffits/Cladding'),(59,12,'Awnings/Skylights'),(60,13,'Swimming Pool Installation'),(61,13,'Swimming Pool Maintenance'),(62,13,'Swimming Pool Design'),(63,13,'Contract Cleaning/Maintenance'),(64,13,'Internal/External Water Featur'),(65,14,'Internal Tiling'),(66,14,'External Tiling'),(67,14,'Brick /Stone/Concreate Paving'),(68,14,'Stonework/Stone Cladding'),(69,15,'Curtain & Blinds Specialist'),(70,15,'Window Installation'),(71,15,'Window Cleaning '),(72,15,'Wrought Iron Grille /Gates'),(73,15,'Door Installation'),(74,16,'General Maintenance & Decorati'),(75,16,'Kitchen Repair & Maintenance'),(76,16,'Bathroom Repair & Maintenance'),(77,16,'External Property Maintenance'),(78,16,'Garden Maintenance'),(79,16,'Flatpack & Fitted Furniture'),(80,16,'Gernal Plumbing & Electrical');

/*Table structure for table `jobs` */

DROP TABLE IF EXISTS `jobs`;

CREATE TABLE `jobs` (
  `id` bigint(20) NOT NULL AUTO_INCREMENT,
  `title` varchar(50) DEFAULT NULL,
  `postBy` bigint(100) DEFAULT NULL,
  `jobDetails` text,
  `postDate` datetime DEFAULT NULL,
  `location` varchar(100) DEFAULT NULL,
  `city` int(11) DEFAULT NULL,
  `state` int(11) DEFAULT NULL,
  `jobCategoryID` int(11) DEFAULT NULL,
  `requestCount` int(11) DEFAULT NULL,
  `maxRequestReached` bit(1) DEFAULT NULL,
  `requestLimit` int(11) DEFAULT NULL,
  `jobSubCategories` text,
  PRIMARY KEY (`id`)
) ENGINE=InnoDB AUTO_INCREMENT=19 DEFAULT CHARSET=utf8;

/*Data for the table `jobs` */

insert  into `jobs`(`id`,`title`,`postBy`,`jobDetails`,`postDate`,`location`,`city`,`state`,`jobCategoryID`,`requestCount`,`maxRequestReached`,`requestLimit`,`jobSubCategories`) values (12,'ExtJs 4 form example',8,'kn,n,n,nm,n,mn,m','2014-08-18 22:46:00','jhkjhk',41,2,2,0,'\0',5,'-Bathroom Plumbing-Bathroom Design-Bathroom Repair'),(13,'ExtJs 4 form example',8,'kn,n,n,nm,n,mn,m','2014-08-18 22:46:00','jhkjhk',41,2,2,0,'\0',5,'-Bathroom Plumbing-Bathroom Design-Bathroom Repair'),(14,'ExtJs 4 form example',8,'kn,n,n,nm,n,mn,m','2014-08-18 22:46:00','jhkjhk',41,2,2,0,'\0',5,'-Bathroom Plumbing-Bathroom Design-Bathroom Repair'),(16,'ExtJs 4 form example',8,',ma.ms.mas','2014-09-03 23:43:48','asasa',40,1,2,0,'\0',10,'-Bathroom Plumbing-Bathroom Repair-Bathroom Installation'),(18,'Testing ',8,'this is my testing','2014-09-09 02:06:44','bharat',223,5,NULL,0,'\0',10,'-Contract Maintenance-Air Conditioner Checking Servi');

/*Table structure for table `jobs_jobsubcategory_map` */

DROP TABLE IF EXISTS `jobs_jobsubcategory_map`;

CREATE TABLE `jobs_jobsubcategory_map` (
  `id` bigint(20) NOT NULL AUTO_INCREMENT,
  `jobId` bigint(20) DEFAULT NULL,
  `jobSubCategoryId` int(11) DEFAULT NULL,
  PRIMARY KEY (`id`)
) ENGINE=InnoDB AUTO_INCREMENT=3 DEFAULT CHARSET=utf8;

/*Data for the table `jobs_jobsubcategory_map` */

insert  into `jobs_jobsubcategory_map`(`id`,`jobId`,`jobSubCategoryId`) values (1,18,4),(2,18,5);

/*Table structure for table `master_data_type` */

DROP TABLE IF EXISTS `master_data_type`;

CREATE TABLE `master_data_type` (
  `mnemonic` varchar(20) NOT NULL,
  `description` varchar(100) NOT NULL,
  `isActive` tinyint(1) NOT NULL DEFAULT '1',
  PRIMARY KEY (`mnemonic`)
) ENGINE=InnoDB DEFAULT CHARSET=utf8;

/*Data for the table `master_data_type` */

insert  into `master_data_type`(`mnemonic`,`description`,`isActive`) values ('CITY_NAME','cities name ',1),('STATES_NAME','State Name',1);

/*Table structure for table `master_data_value` */

DROP TABLE IF EXISTS `master_data_value`;

CREATE TABLE `master_data_value` (
  `masterDataId` bigint(20) NOT NULL,
  `mnemonic` varchar(20) NOT NULL,
  `value` varchar(100) NOT NULL,
  `orderId` bigint(20) NOT NULL,
  `isActive` bit(1) DEFAULT NULL,
  PRIMARY KEY (`masterDataId`),
  KEY `FK_master_data_value` (`mnemonic`),
  CONSTRAINT `FK_master_data_value` FOREIGN KEY (`mnemonic`) REFERENCES `master_data_type` (`mnemonic`) ON DELETE NO ACTION ON UPDATE NO ACTION
) ENGINE=InnoDB DEFAULT CHARSET=utf8;

/*Data for the table `master_data_value` */

insert  into `master_data_value`(`masterDataId`,`mnemonic`,`value`,`orderId`,`isActive`) values (1,'STATES_NAME','Andaman and Nicobar Islands ',1,''),(2,'STATES_NAME','Andhra Pradesh ',2,''),(3,'STATES_NAME','Arunachal Pradesh ',3,''),(4,'STATES_NAME','Assam ',4,''),(5,'STATES_NAME','Bangladesh ',5,''),(6,'STATES_NAME','Bihar ',6,''),(7,'STATES_NAME','Chandigarh ',7,''),(8,'STATES_NAME','Chhattisgarh ',8,''),(9,'STATES_NAME','Dadra and Nagar Haveli ',9,''),(10,'STATES_NAME','Daman and Diu ',10,''),(11,'STATES_NAME','Delhi ',11,''),(12,'STATES_NAME','Goa ',12,''),(13,'STATES_NAME','Gujarat ',13,''),(14,'STATES_NAME','Gujrat ',14,''),(15,'STATES_NAME','Haryana ',15,''),(16,'STATES_NAME','Himachal Pradesh ',16,''),(17,'STATES_NAME','Jammu and Kashmir ',17,''),(18,'STATES_NAME','Jharkhand ',18,''),(19,'STATES_NAME','Karnataka ',19,''),(20,'STATES_NAME','Kerala ',20,''),(21,'STATES_NAME','Lakshadweep ',21,''),(22,'STATES_NAME','Madhya Pradesh ',22,''),(23,'STATES_NAME','Maharashtra ',23,''),(24,'STATES_NAME','Manipur ',24,''),(25,'STATES_NAME','Meghalaya ',25,''),(26,'STATES_NAME','Mizoram ',26,''),(27,'STATES_NAME','Nagaland ',27,''),(28,'STATES_NAME','Name of State ',28,''),(29,'STATES_NAME','Orissa ',29,''),(30,'STATES_NAME','Pondicherry ',30,''),(31,'STATES_NAME','Punjab ',31,''),(32,'STATES_NAME','Rajasthan ',32,''),(33,'STATES_NAME','Sikkim ',33,''),(34,'STATES_NAME','Tamil Nadu ',34,''),(35,'STATES_NAME','Tamilnadu ',35,''),(36,'STATES_NAME','Tripura ',36,''),(37,'STATES_NAME','Uttar Pradesh ',37,''),(38,'STATES_NAME','Uttarakhand ',38,''),(39,'STATES_NAME','West Bengal ',39,''),(40,'CITY_NAME','Port Blair* ',1,''),(41,'CITY_NAME','Anantapur ',2,''),(42,'CITY_NAME','Adoni ',2,''),(43,'CITY_NAME','Adilabad ',2,''),(44,'CITY_NAME','Anakapalle ',2,''),(45,'CITY_NAME','Amalapuram ',2,''),(46,'CITY_NAME','Amadalavalasa ',2,''),(47,'CITY_NAME','Bhimavaram ',2,''),(48,'CITY_NAME','Bodhan ',2,''),(49,'CITY_NAME','Bapatla ',2,''),(50,'CITY_NAME','Bellampalle ',2,''),(51,'CITY_NAME','Bhongir ',2,''),(52,'CITY_NAME','Bobbili ',2,''),(53,'CITY_NAME','Bheemunipatnam ',2,''),(54,'CITY_NAME','Bhadrachalam ',2,''),(55,'CITY_NAME','Bhainsa ',2,''),(56,'CITY_NAME','Bethamcherla ',2,''),(57,'CITY_NAME','Badepalle ',2,''),(58,'CITY_NAME','Banganapalle ',2,''),(59,'CITY_NAME','Chapirevula ',2,''),(60,'CITY_NAME','Chilakaluripet ',2,''),(61,'CITY_NAME','Chirala ',2,''),(62,'CITY_NAME','Chittoor ',2,''),(63,'CITY_NAME','Cuddapah ',2,''),(64,'CITY_NAME','Devarakonda ',2,''),(65,'CITY_NAME','Dharmavaram ',2,''),(66,'CITY_NAME','Eluru ',2,''),(67,'CITY_NAME','Farooqnagar ',2,''),(68,'CITY_NAME','Gadwal ',2,''),(69,'CITY_NAME','Gooty ',2,''),(70,'CITY_NAME','Gudivada ',2,''),(71,'CITY_NAME','Gudur ',2,''),(72,'CITY_NAME','Guntakal ',2,''),(73,'CITY_NAME','Guntur ',2,''),(74,'CITY_NAME','Hanuman Junction ',2,''),(75,'CITY_NAME','Hindupur ',2,''),(76,'CITY_NAME','Hyderabad* ',2,''),(77,'CITY_NAME','Ichchapuram ',2,''),(78,'CITY_NAME','Jaggaiahpet ',2,''),(79,'CITY_NAME','Jagtial ',2,''),(80,'CITY_NAME','Jammalamadugu ',2,''),(81,'CITY_NAME','Jangaon ',2,''),(82,'CITY_NAME','Kadapa ',2,''),(83,'CITY_NAME','Kadiri ',2,''),(84,'CITY_NAME','Kagaznagar ',2,''),(85,'CITY_NAME','Kakinada ',2,''),(86,'CITY_NAME','Kalyandurg ',2,''),(87,'CITY_NAME','Kamareddy ',2,''),(88,'CITY_NAME','Kandukur ',2,''),(89,'CITY_NAME','Karimnagar ',2,''),(90,'CITY_NAME','Kavali ',2,''),(91,'CITY_NAME','Khammam ',2,''),(92,'CITY_NAME','Kodad ',2,''),(93,'CITY_NAME','Koratla ',2,''),(94,'CITY_NAME','Kothagudem ',2,''),(95,'CITY_NAME','Kothapeta ',2,''),(96,'CITY_NAME','Kovvur ',2,''),(97,'CITY_NAME','Kurnool ',2,''),(98,'CITY_NAME','Kyathampalle ',2,''),(99,'CITY_NAME','Macherla ',2,''),(100,'CITY_NAME','Machilipatnam ',2,''),(101,'CITY_NAME','Madanapalle ',2,''),(102,'CITY_NAME','Mahbubnagar ',2,''),(103,'CITY_NAME','Mancherial ',2,''),(104,'CITY_NAME','Mandamarri ',2,''),(105,'CITY_NAME','Mandapeta ',2,''),(106,'CITY_NAME','Mangalagiri ',2,''),(107,'CITY_NAME','Manuguru ',2,''),(108,'CITY_NAME','Markapur ',2,''),(109,'CITY_NAME','Medak ',2,''),(110,'CITY_NAME','Miryalaguda ',2,''),(111,'CITY_NAME','Mogalthur ',2,''),(112,'CITY_NAME','Nagari ',2,''),(113,'CITY_NAME','Nagarkurnool ',2,''),(114,'CITY_NAME','Nandyal ',2,''),(115,'CITY_NAME','Narasapur ',2,''),(116,'CITY_NAME','Narasaraopet ',2,''),(117,'CITY_NAME','Narayanpet ',2,''),(118,'CITY_NAME','Narsipatnam ',2,''),(119,'CITY_NAME','Nellore ',2,''),(120,'CITY_NAME','Nidadavole ',2,''),(121,'CITY_NAME','Nirmal ',2,''),(122,'CITY_NAME','Nizamabad ',2,''),(123,'CITY_NAME','Nuzvid ',2,''),(124,'CITY_NAME','Ongole ',2,''),(125,'CITY_NAME','Palacole ',2,''),(126,'CITY_NAME','Palasa Kasibugga ',2,''),(127,'CITY_NAME','Pondur ',2,''),(128,'CITY_NAME','Palwancha ',2,''),(129,'CITY_NAME','Parvathipuram ',2,''),(130,'CITY_NAME','Pedana ',2,''),(131,'CITY_NAME','Peddapuram ',2,''),(132,'CITY_NAME','Pithapuram ',2,''),(133,'CITY_NAME','Ponnur ',2,''),(134,'CITY_NAME','Proddatur ',2,''),(135,'CITY_NAME','Punganur ',2,''),(136,'CITY_NAME','Puttur ',2,''),(137,'CITY_NAME','Rajahmundry ',2,''),(138,'CITY_NAME','Rajam ',2,''),(139,'CITY_NAME','Rajampet ',2,''),(140,'CITY_NAME','Ramachandrapuram ',2,''),(141,'CITY_NAME','Ramagundam ',2,''),(142,'CITY_NAME','Rayachoti ',2,''),(143,'CITY_NAME','Rayadurg ',2,''),(144,'CITY_NAME','Renigunta ',2,''),(145,'CITY_NAME','Repalle ',2,''),(146,'CITY_NAME','Sadasivpet ',2,''),(147,'CITY_NAME','Salur ',2,''),(148,'CITY_NAME','Samalkot ',2,''),(149,'CITY_NAME','Sangareddy ',2,''),(150,'CITY_NAME','Sattenapalle ',2,''),(151,'CITY_NAME','Siddipet ',2,''),(152,'CITY_NAME','Singapur ',2,''),(153,'CITY_NAME','Sircilla ',2,''),(154,'CITY_NAME','Srikakulam ',2,''),(155,'CITY_NAME','Srikalahasti ',2,''),(156,'CITY_NAME','Suryapet ',2,''),(157,'CITY_NAME','Tadepalligudem ',2,''),(158,'CITY_NAME','Tadpatri ',2,''),(159,'CITY_NAME','Tandur ',2,''),(160,'CITY_NAME','Tanuku ',2,''),(161,'CITY_NAME','Tenali ',2,''),(162,'CITY_NAME','Tirupati ',2,''),(163,'CITY_NAME','Tiruvuru ',2,''),(164,'CITY_NAME','Tuni ',2,''),(165,'CITY_NAME','Uravakonda ',2,''),(166,'CITY_NAME','Venkatagiri ',2,''),(167,'CITY_NAME','Vicarabad ',2,''),(168,'CITY_NAME','Vijayawada ',2,''),(169,'CITY_NAME','Vinukonda ',2,''),(170,'CITY_NAME','Visakhapatnam ',2,''),(171,'CITY_NAME','Vizianagaram ',2,''),(172,'CITY_NAME','Wanaparthy ',2,''),(173,'CITY_NAME','Warangal ',2,''),(174,'CITY_NAME','Yellandu ',2,''),(175,'CITY_NAME','Yemmiganur ',2,''),(176,'CITY_NAME','Yerraguntla ',2,''),(177,'CITY_NAME','Zahirabad ',2,''),(178,'CITY_NAME','Along ',3,''),(179,'CITY_NAME','Bomdila ',3,''),(180,'CITY_NAME','Itanagar* ',3,''),(181,'CITY_NAME','Naharlagun ',3,''),(182,'CITY_NAME','Pasighat ',3,''),(183,'CITY_NAME','Abhayapuri ',4,''),(184,'CITY_NAME','Amguri ',4,''),(185,'CITY_NAME','Anandnagaar ',4,''),(186,'CITY_NAME','Bongaigaon ',4,''),(187,'CITY_NAME','Barpeta ',4,''),(188,'CITY_NAME','Barpeta Road ',4,''),(189,'CITY_NAME','Bilasipara ',4,''),(190,'CITY_NAME','Dhekiajuli ',4,''),(191,'CITY_NAME','Dhubri ',4,''),(192,'CITY_NAME','Dibrugarh ',4,''),(193,'CITY_NAME','Digboi ',4,''),(194,'CITY_NAME','Diphu ',4,''),(195,'CITY_NAME','Dispur* ',4,''),(196,'CITY_NAME','Duliajan Oil Town ',4,''),(197,'CITY_NAME','Gauripur ',4,''),(198,'CITY_NAME','Goalpara ',4,''),(199,'CITY_NAME','Golaghat ',4,''),(200,'CITY_NAME','Guwahati ',4,''),(201,'CITY_NAME','Haflong ',4,''),(202,'CITY_NAME','Hailakandi ',4,''),(203,'CITY_NAME','Hojai ',4,''),(204,'CITY_NAME','Jorhat ',4,''),(205,'CITY_NAME','Karimganj ',4,''),(206,'CITY_NAME','Kokrajhar ',4,''),(207,'CITY_NAME','Lanka ',4,''),(208,'CITY_NAME','Lumding ',4,''),(209,'CITY_NAME','Mangaldoi ',4,''),(210,'CITY_NAME','Mankachar ',4,''),(211,'CITY_NAME','Margherita ',4,''),(212,'CITY_NAME','Mariani ',4,''),(213,'CITY_NAME','Marigaon ',4,''),(214,'CITY_NAME','Nagaon ',4,''),(215,'CITY_NAME','Nalbari ',4,''),(216,'CITY_NAME','North Lakhimpur ',4,''),(217,'CITY_NAME','Rangia ',4,''),(218,'CITY_NAME','Sibsagar ',4,''),(219,'CITY_NAME','Silapathar ',4,''),(220,'CITY_NAME','Silchar ',4,''),(221,'CITY_NAME','Tezpur ',4,''),(222,'CITY_NAME','Tinsukia ',4,''),(223,'CITY_NAME','Dhaka ',5,''),(224,'CITY_NAME','Arrah ',6,''),(225,'CITY_NAME','Aurangabad ',6,''),(226,'CITY_NAME','Araria ',6,''),(227,'CITY_NAME','Amarpur ',6,''),(228,'CITY_NAME','Areraj ',6,''),(229,'CITY_NAME','Asarganj ',6,''),(230,'CITY_NAME','Bhagalpur ',6,''),(231,'CITY_NAME','Bihar Sharif ',6,''),(232,'CITY_NAME','Bettiah ',6,''),(233,'CITY_NAME','Begusarai ',6,''),(234,'CITY_NAME','Bagaha ',6,''),(235,'CITY_NAME','Buxar ',6,''),(236,'CITY_NAME','Barh ',6,''),(237,'CITY_NAME','Bhabua ',6,''),(238,'CITY_NAME','Barahiya ',6,''),(239,'CITY_NAME','Bikramganj ',6,''),(240,'CITY_NAME','Barbigha ',6,''),(241,'CITY_NAME','Banka ',6,''),(242,'CITY_NAME','Bairgania ',6,''),(243,'CITY_NAME','Barauli ',6,''),(244,'CITY_NAME','Bakhtiarpur ',6,''),(245,'CITY_NAME','Bodh Gaya ',6,''),(246,'CITY_NAME','Bahadurganj ',6,''),(247,'CITY_NAME','Banmankhi Bazar ',6,''),(248,'CITY_NAME','Behea ',6,''),(249,'CITY_NAME','Chanpatia ',6,''),(250,'CITY_NAME','Chhapra ',6,''),(251,'CITY_NAME','Colgong ',6,''),(252,'CITY_NAME','Chandan Bara ',6,''),(253,'CITY_NAME','Dalsinghsarai ',6,''),(254,'CITY_NAME','Darbhanga ',6,''),(255,'CITY_NAME','Daudnagar ',6,''),(256,'CITY_NAME','Dehri-on-Sone ',6,''),(257,'CITY_NAME','Dighwara ',6,''),(258,'CITY_NAME','Dumraon ',6,''),(259,'CITY_NAME','Fatwah ',6,''),(260,'CITY_NAME','Forbesganj ',6,''),(261,'CITY_NAME','Gaya ',6,''),(262,'CITY_NAME','Gogri Jamalpur ',6,''),(263,'CITY_NAME','Gopalganj ',6,''),(264,'CITY_NAME','Hajipur ',6,''),(265,'CITY_NAME','Hilsa ',6,''),(266,'CITY_NAME','Hisua ',6,''),(267,'CITY_NAME','Islampur ',6,''),(268,'CITY_NAME','Jagdispur ',6,''),(269,'CITY_NAME','Jamalpur ',6,''),(270,'CITY_NAME','Jamui ',6,''),(271,'CITY_NAME','Jehanabad ',6,''),(272,'CITY_NAME','Jhajha ',6,''),(273,'CITY_NAME','Jhanjharpur ',6,''),(274,'CITY_NAME','Jogabani ',6,''),(275,'CITY_NAME','Kanti ',6,''),(276,'CITY_NAME','Katihar ',6,''),(277,'CITY_NAME','Khagaria ',6,''),(278,'CITY_NAME','Kharagpur ',6,''),(279,'CITY_NAME','Kishanganj ',6,''),(280,'CITY_NAME','Lakhisarai ',6,''),(281,'CITY_NAME','Lalganj ',6,''),(282,'CITY_NAME','Madhepura ',6,''),(283,'CITY_NAME','Madhubani ',6,''),(284,'CITY_NAME','Maharajganj ',6,''),(285,'CITY_NAME','Mahnar Bazar ',6,''),(286,'CITY_NAME','Makhdumpur ',6,''),(287,'CITY_NAME','Maner ',6,''),(288,'CITY_NAME','Manihari ',6,''),(289,'CITY_NAME','Marhaura ',6,''),(290,'CITY_NAME','Masaurhi ',6,''),(291,'CITY_NAME','Mirganj ',6,''),(292,'CITY_NAME','Mohania ',6,''),(293,'CITY_NAME','Mokama ',6,''),(294,'CITY_NAME','Mokameh ',6,''),(295,'CITY_NAME','Motihari ',6,''),(296,'CITY_NAME','Motipur ',6,''),(297,'CITY_NAME','Munger ',6,''),(298,'CITY_NAME','Murliganj ',6,''),(299,'CITY_NAME','Muzaffarpur ',6,''),(300,'CITY_NAME','Nalanda ',6,''),(301,'CITY_NAME','Narkatiaganj ',6,''),(302,'CITY_NAME','Naugachhia ',6,''),(303,'CITY_NAME','Nawada ',6,''),(304,'CITY_NAME','Nokha ',6,''),(305,'CITY_NAME','Patna* ',6,''),(306,'CITY_NAME','Piro ',6,''),(307,'CITY_NAME','Purnia ',6,''),(308,'CITY_NAME','Rafiganj ',6,''),(309,'CITY_NAME','Rajgir ',6,''),(310,'CITY_NAME','Ramnagar ',6,''),(311,'CITY_NAME','Raxaul Bazar ',6,''),(312,'CITY_NAME','Revelganj ',6,''),(313,'CITY_NAME','Rosera ',6,''),(314,'CITY_NAME','Saharsa ',6,''),(315,'CITY_NAME','Samastipur ',6,''),(316,'CITY_NAME','Sasaram ',6,''),(317,'CITY_NAME','Sheikhpura ',6,''),(318,'CITY_NAME','Sheohar ',6,''),(319,'CITY_NAME','Sherghati ',6,''),(320,'CITY_NAME','Silao ',6,''),(321,'CITY_NAME','Sitamarhi ',6,''),(322,'CITY_NAME','Siwan ',6,''),(323,'CITY_NAME','Sonepur ',6,''),(324,'CITY_NAME','Sugauli ',6,''),(325,'CITY_NAME','Sultanganj ',6,''),(326,'CITY_NAME','Supaul ',6,''),(327,'CITY_NAME','Warisaliganj ',6,''),(328,'CITY_NAME','Chandigarh* ',7,''),(329,'CITY_NAME','Ambikapur ',8,''),(330,'CITY_NAME','Akaltara ',8,''),(331,'CITY_NAME','Ahiwara ',8,''),(332,'CITY_NAME','Arang ',8,''),(333,'CITY_NAME','Ambagarh Chowki ',8,''),(334,'CITY_NAME','Bilaspur ',8,''),(335,'CITY_NAME','Bhatapara ',8,''),(336,'CITY_NAME','Birgaon ',8,''),(337,'CITY_NAME','Bemetra ',8,''),(338,'CITY_NAME','Baloda Bazar ',8,''),(339,'CITY_NAME','Balod ',8,''),(340,'CITY_NAME','Bade Bacheli ',8,''),(341,'CITY_NAME','Basna ',8,''),(342,'CITY_NAME','Bhilai ',8,''),(343,'CITY_NAME','Champa ',8,''),(344,'CITY_NAME','Chirmiri ',8,''),(345,'CITY_NAME','Dalli-Rajhara ',8,''),(346,'CITY_NAME','Dhamtari ',8,''),(347,'CITY_NAME','Dipka ',8,''),(348,'CITY_NAME','Dongargarh ',8,''),(349,'CITY_NAME','Durg-Bhilai Nagar ',8,''),(350,'CITY_NAME','Gobranawapara ',8,''),(351,'CITY_NAME','Jagdalpur ',8,''),(352,'CITY_NAME','Janjgir ',8,''),(353,'CITY_NAME','Jashpurnagar ',8,''),(354,'CITY_NAME','Kanker ',8,''),(355,'CITY_NAME','Kawardha ',8,''),(356,'CITY_NAME','Kondagaon ',8,''),(357,'CITY_NAME','Korba ',8,''),(358,'CITY_NAME','Mahasamund ',8,''),(359,'CITY_NAME','Mahendragarh ',8,''),(360,'CITY_NAME','Mungeli ',8,''),(361,'CITY_NAME','Naila Janjgir ',8,''),(362,'CITY_NAME','Raigarh ',8,''),(363,'CITY_NAME','Raipur* ',8,''),(364,'CITY_NAME','Rajnandgaon ',8,''),(365,'CITY_NAME','Sakti ',8,''),(366,'CITY_NAME','Tilda Newra ',8,''),(367,'CITY_NAME','Amli ',9,''),(368,'CITY_NAME','Silvassa* ',9,''),(369,'CITY_NAME','Daman and Diu ',10,''),(370,'CITY_NAME','Asola ',11,''),(371,'CITY_NAME','Bhajanpura ',11,''),(372,'CITY_NAME','Delhi ',11,''),(373,'CITY_NAME','New Delhi* ',11,''),(374,'CITY_NAME','Aldona ',12,''),(375,'CITY_NAME','Curchorem Cacora ',12,''),(376,'CITY_NAME','Goa Velha ',12,''),(377,'CITY_NAME','Madgaon ',12,''),(378,'CITY_NAME','Mapusa ',12,''),(379,'CITY_NAME','Margao ',12,''),(380,'CITY_NAME','Marmagao ',12,''),(381,'CITY_NAME','Panaji* ',12,''),(382,'CITY_NAME','Ahmedabad ',13,''),(383,'CITY_NAME','Anand ',13,''),(384,'CITY_NAME','Amreli ',13,''),(385,'CITY_NAME','Ankleshwar ',13,''),(386,'CITY_NAME','Bharuch ',13,''),(387,'CITY_NAME','Bhavnagar ',13,''),(388,'CITY_NAME','Bhuj ',13,''),(389,'CITY_NAME','Cambay ',13,''),(390,'CITY_NAME','Dahod ',13,''),(391,'CITY_NAME','Deesa ',13,''),(392,'CITY_NAME','Dehgam ',13,''),(393,'CITY_NAME','Dharampur ',13,''),(394,'CITY_NAME','Dholka ',13,''),(395,'CITY_NAME','Dwarka ',13,''),(396,'CITY_NAME','Gandhidham ',13,''),(397,'CITY_NAME','Gandhinagar* ',13,''),(398,'CITY_NAME','Godhra ',13,''),(399,'CITY_NAME','Himatnagar ',13,''),(400,'CITY_NAME','Idar ',13,''),(401,'CITY_NAME','Jamnagar ',13,''),(402,'CITY_NAME','Junagadh ',13,''),(403,'CITY_NAME','Kadi ',13,''),(404,'CITY_NAME','Kalavad ',13,''),(405,'CITY_NAME','Kalol ',13,''),(406,'CITY_NAME','Kapadvanj ',13,''),(407,'CITY_NAME','Karjan ',13,''),(408,'CITY_NAME','Keshod ',13,''),(409,'CITY_NAME','Khambhalia ',13,''),(410,'CITY_NAME','Khambhat ',13,''),(411,'CITY_NAME','Kheda ',13,''),(412,'CITY_NAME','Khedbrahma ',13,''),(413,'CITY_NAME','Kheralu ',13,''),(414,'CITY_NAME','Kodinar ',13,''),(415,'CITY_NAME','Lathi ',13,''),(416,'CITY_NAME','Limbdi ',13,''),(417,'CITY_NAME','Lunawada ',13,''),(418,'CITY_NAME','Mahesana ',13,''),(419,'CITY_NAME','Mahuva ',13,''),(420,'CITY_NAME','Manavadar ',13,''),(421,'CITY_NAME','Mandvi ',13,''),(422,'CITY_NAME','Mangrol ',13,''),(423,'CITY_NAME','Mansa ',13,''),(424,'CITY_NAME','Mehmedabad ',13,''),(425,'CITY_NAME','Mithapur ',13,''),(426,'CITY_NAME','Modasa ',13,''),(427,'CITY_NAME','Morvi ',13,''),(428,'CITY_NAME','Nadiad ',13,''),(429,'CITY_NAME','Navsari ',13,''),(430,'CITY_NAME','Padra ',13,''),(431,'CITY_NAME','Palanpur ',13,''),(432,'CITY_NAME','Palitana ',13,''),(433,'CITY_NAME','Pardi ',13,''),(434,'CITY_NAME','Patan ',13,''),(435,'CITY_NAME','Petlad ',13,''),(436,'CITY_NAME','Porbandar ',13,''),(437,'CITY_NAME','Radhanpur ',13,''),(438,'CITY_NAME','Rajkot ',13,''),(439,'CITY_NAME','Rajpipla ',13,''),(440,'CITY_NAME','Rajula ',13,''),(441,'CITY_NAME','Ranavav ',13,''),(442,'CITY_NAME','Rapar ',13,''),(443,'CITY_NAME','Salaya ',13,''),(444,'CITY_NAME','Sanand ',13,''),(445,'CITY_NAME','Savarkundla ',13,''),(446,'CITY_NAME','Sidhpur ',13,''),(447,'CITY_NAME','Sihor ',13,''),(448,'CITY_NAME','Songadh ',13,''),(449,'CITY_NAME','Surat ',13,''),(450,'CITY_NAME','Talaja ',13,''),(451,'CITY_NAME','Thangadh ',13,''),(452,'CITY_NAME','Tharad ',13,''),(453,'CITY_NAME','Umbergaon ',13,''),(454,'CITY_NAME','Umreth ',13,''),(455,'CITY_NAME','Una ',13,''),(456,'CITY_NAME','Unjha ',13,''),(457,'CITY_NAME','Upleta ',13,''),(458,'CITY_NAME','Vadnagar ',13,''),(459,'CITY_NAME','Vadodara ',13,''),(460,'CITY_NAME','Valsad ',13,''),(461,'CITY_NAME','Vapi ',13,''),(462,'CITY_NAME','Vapi ',13,''),(463,'CITY_NAME','Veraval ',13,''),(464,'CITY_NAME','Vijapur ',13,''),(465,'CITY_NAME','Viramgam ',13,''),(466,'CITY_NAME','Visnagar ',13,''),(467,'CITY_NAME','Vyara ',13,''),(468,'CITY_NAME','Wadhwan ',13,''),(469,'CITY_NAME','Wankaner ',13,''),(470,'CITY_NAME','Anjar ',14,''),(471,'CITY_NAME','Anklav ',14,''),(472,'CITY_NAME','Alang ',14,''),(473,'CITY_NAME','Adityana ',14,''),(474,'CITY_NAME','Arambhada ',14,''),(475,'CITY_NAME','Ambaji ',14,''),(476,'CITY_NAME','Andada ',14,''),(477,'CITY_NAME','Adalaj ',14,''),(478,'CITY_NAME','Ambaliyasan ',14,''),(479,'CITY_NAME','Atul ',14,''),(480,'CITY_NAME','Antaliya ',14,''),(481,'CITY_NAME','Assandh ',15,''),(482,'CITY_NAME','Asankhurd ',15,''),(483,'CITY_NAME','Ateli ',15,''),(484,'CITY_NAME','Bhiwani ',15,''),(485,'CITY_NAME','Bahadurgarh ',15,''),(486,'CITY_NAME','Barwala ',15,''),(487,'CITY_NAME','Babiyal ',15,''),(488,'CITY_NAME','Ballabhgarh ',15,''),(489,'CITY_NAME','Bawal ',15,''),(490,'CITY_NAME','Charkhi Dadri ',15,''),(491,'CITY_NAME','Cheeka ',15,''),(492,'CITY_NAME','Ellenabad ',15,''),(493,'CITY_NAME','Faridabad ',15,''),(494,'CITY_NAME','Fatehabad ',15,''),(495,'CITY_NAME','Ganaur ',15,''),(496,'CITY_NAME','Gharaunda ',15,''),(497,'CITY_NAME','Gohana ',15,''),(498,'CITY_NAME','Gurgaon ',15,''),(499,'CITY_NAME','Haibat(Yamuna Nagar) ',15,''),(500,'CITY_NAME','Hansi ',15,''),(501,'CITY_NAME','Hisar ',15,''),(502,'CITY_NAME','Hodal ',15,''),(503,'CITY_NAME','Jagadhri ',15,''),(504,'CITY_NAME','Jhajjar ',15,''),(505,'CITY_NAME','Jind ',15,''),(506,'CITY_NAME','Kaithal ',15,''),(507,'CITY_NAME','Kalan Wali ',15,''),(508,'CITY_NAME','Kalka ',15,''),(509,'CITY_NAME','Karnal ',15,''),(510,'CITY_NAME','Ladwa ',15,''),(511,'CITY_NAME','Mahendragarh ',15,''),(512,'CITY_NAME','Mandi Dabwali ',15,''),(513,'CITY_NAME','Manesar ',15,''),(514,'CITY_NAME','Narnaul ',15,''),(515,'CITY_NAME','Narwana ',15,''),(516,'CITY_NAME','Palwal ',15,''),(517,'CITY_NAME','Panchkula ',15,''),(518,'CITY_NAME','Panipat ',15,''),(519,'CITY_NAME','Pehowa ',15,''),(520,'CITY_NAME','Pinjore ',15,''),(521,'CITY_NAME','Rania ',15,''),(522,'CITY_NAME','Ratia ',15,''),(523,'CITY_NAME','Rewari ',15,''),(524,'CITY_NAME','Rohtak ',15,''),(525,'CITY_NAME','Safidon ',15,''),(526,'CITY_NAME','Samalkha ',15,''),(527,'CITY_NAME','Shahbad ',15,''),(528,'CITY_NAME','Sirsa ',15,''),(529,'CITY_NAME','Sohna ',15,''),(530,'CITY_NAME','Sonipat ',15,''),(531,'CITY_NAME','Taraori ',15,''),(532,'CITY_NAME','Thanesar ',15,''),(533,'CITY_NAME','Tohana ',15,''),(534,'CITY_NAME','Yamunanagar ',15,''),(535,'CITY_NAME','Arki ',16,''),(536,'CITY_NAME','Baddi ',16,''),(537,'CITY_NAME','Bilaspur ',16,''),(538,'CITY_NAME','Chamba ',16,''),(539,'CITY_NAME','Dalhousie ',16,''),(540,'CITY_NAME','Dharamsala ',16,''),(541,'CITY_NAME','Hamirpur ',16,''),(542,'CITY_NAME','Keylong ',16,''),(543,'CITY_NAME','Mandi ',16,''),(544,'CITY_NAME','Nahan ',16,''),(545,'CITY_NAME','Shimla* ',16,''),(546,'CITY_NAME','Solan ',16,''),(547,'CITY_NAME','Sundarnagar ',16,''),(548,'CITY_NAME','Anantnag ',17,''),(549,'CITY_NAME','Akhnoor ',17,''),(550,'CITY_NAME','Arnia ',17,''),(551,'CITY_NAME','Awantipora ',17,''),(552,'CITY_NAME','Achabbal ',17,''),(553,'CITY_NAME','Baramula ',17,''),(554,'CITY_NAME','Bandipore ',17,''),(555,'CITY_NAME','Jammu ',17,''),(556,'CITY_NAME','Kathua ',17,''),(557,'CITY_NAME','Leh ',17,''),(558,'CITY_NAME','Punch ',17,''),(559,'CITY_NAME','Rajauri ',17,''),(560,'CITY_NAME','Sopore ',17,''),(561,'CITY_NAME','Srinagar* ',17,''),(562,'CITY_NAME','Udhampur ',17,''),(563,'CITY_NAME','Ara ',18,''),(564,'CITY_NAME','Amlabad ',18,''),(565,'CITY_NAME','Bokaro Steel City ',18,''),(566,'CITY_NAME','Barughutu ',18,''),(567,'CITY_NAME','Chaibasa ',18,''),(568,'CITY_NAME','Chakradharpur ',18,''),(569,'CITY_NAME','Chandil ',18,''),(570,'CITY_NAME','Chandrapura ',18,''),(571,'CITY_NAME','Chatra ',18,''),(572,'CITY_NAME','Chirkunda ',18,''),(573,'CITY_NAME','Churi ',18,''),(574,'CITY_NAME','Daltonganj ',18,''),(575,'CITY_NAME','Deoghar ',18,''),(576,'CITY_NAME','Dhanbad ',18,''),(577,'CITY_NAME','Dumka ',18,''),(578,'CITY_NAME','Garhwa ',18,''),(579,'CITY_NAME','Ghatshila ',18,''),(580,'CITY_NAME','Giridih ',18,''),(581,'CITY_NAME','Godda ',18,''),(582,'CITY_NAME','Gomoh ',18,''),(583,'CITY_NAME','Gumia ',18,''),(584,'CITY_NAME','Gumla ',18,''),(585,'CITY_NAME','Hazaribag ',18,''),(586,'CITY_NAME','Hussainabad ',18,''),(587,'CITY_NAME','Jamshedpur ',18,''),(588,'CITY_NAME','Jamtara ',18,''),(589,'CITY_NAME','Jhumri Tilaiya ',18,''),(590,'CITY_NAME','Khunti ',18,''),(591,'CITY_NAME','Lohardaga ',18,''),(592,'CITY_NAME','Madhupur ',18,''),(593,'CITY_NAME','Mihijam ',18,''),(594,'CITY_NAME','Musabani ',18,''),(595,'CITY_NAME','Pakaur ',18,''),(596,'CITY_NAME','Patratu ',18,''),(597,'CITY_NAME','Phusro ',18,''),(598,'CITY_NAME','Ramngarh ',18,''),(599,'CITY_NAME','Ranchi* ',18,''),(600,'CITY_NAME','Sahibganj ',18,''),(601,'CITY_NAME','Saunda ',18,''),(602,'CITY_NAME','Simdega ',18,''),(603,'CITY_NAME','Tenu Dam-cum- Kathhara ',18,''),(604,'CITY_NAME','Arsikere ',19,''),(605,'CITY_NAME','Athni ',19,''),(606,'CITY_NAME','Alandha ',19,''),(607,'CITY_NAME','Anekal ',19,''),(608,'CITY_NAME','Ankola ',19,''),(609,'CITY_NAME','Annigeri ',19,''),(610,'CITY_NAME','Afzalpura ',19,''),(611,'CITY_NAME','Aalanavara ',19,''),(612,'CITY_NAME','Aurad ',19,''),(613,'CITY_NAME','Arkalgud ',19,''),(614,'CITY_NAME','Adyar ',19,''),(615,'CITY_NAME','Alur ',19,''),(616,'CITY_NAME','Ambikaanagara ',19,''),(617,'CITY_NAME','pereyaapatna ',19,''),(618,'CITY_NAME','Bengaluru ',19,''),(619,'CITY_NAME','Belgaum ',19,''),(620,'CITY_NAME','Ballary ',19,''),(621,'CITY_NAME','Bidar ',19,''),(622,'CITY_NAME','Chamarajanagara ',19,''),(623,'CITY_NAME','Chikkodi ',19,''),(624,'CITY_NAME','Chikkamagalur ',19,''),(625,'CITY_NAME','Chinthaamani ',19,''),(626,'CITY_NAME','Chitradurga ',19,''),(627,'CITY_NAME','Chikkaballapura ',19,''),(628,'CITY_NAME','Davanagere ',19,''),(629,'CITY_NAME','Dharwad ',19,''),(630,'CITY_NAME','Gadhaga ',19,''),(631,'CITY_NAME','Gokak ',19,''),(632,'CITY_NAME','Gulbarga ',19,''),(633,'CITY_NAME','Gundlupet ',19,''),(634,'CITY_NAME','Haasana ',19,''),(635,'CITY_NAME','Hosapet ',19,''),(636,'CITY_NAME','Hubbali ',19,''),(637,'CITY_NAME','Kalburgi ',19,''),(638,'CITY_NAME','Kaarkala ',19,''),(639,'CITY_NAME','Karwar ',19,''),(640,'CITY_NAME','Kolaara ',19,''),(641,'CITY_NAME','Kota ',19,''),(642,'CITY_NAME','Lakshmishawara ',19,''),(643,'CITY_NAME','Lingsuguru ',19,''),(644,'CITY_NAME','Maddhuru ',19,''),(645,'CITY_NAME','Madhugiri ',19,''),(646,'CITY_NAME','Madikeri ',19,''),(647,'CITY_NAME','Maagadi ',19,''),(648,'CITY_NAME','Mahalingapura ',19,''),(649,'CITY_NAME','Malavalli ',19,''),(650,'CITY_NAME','Maaluru ',19,''),(651,'CITY_NAME','Mandya ',19,''),(652,'CITY_NAME','Mangalooru ',19,''),(653,'CITY_NAME','Maanvi ',19,''),(654,'CITY_NAME','Mudalagi ',19,''),(655,'CITY_NAME','Mudabidri ',19,''),(656,'CITY_NAME','Muddebihala ',19,''),(657,'CITY_NAME','Mudhola ',19,''),(658,'CITY_NAME','Mulabaagilu ',19,''),(659,'CITY_NAME','Mundaragi ',19,''),(660,'CITY_NAME','Mysooru ',19,''),(661,'CITY_NAME','Nanjanagoodu ',19,''),(662,'CITY_NAME','Nippani ',19,''),(663,'CITY_NAME','Paavagada ',19,''),(664,'CITY_NAME','Puthooru ',19,''),(665,'CITY_NAME','Rabakavi Banahatti ',19,''),(666,'CITY_NAME','Raayachuru ',19,''),(667,'CITY_NAME','Raamanagara ',19,''),(668,'CITY_NAME','Raamadurga ',19,''),(669,'CITY_NAME','Ranibennur ',19,''),(670,'CITY_NAME','Robertson Pet ',19,''),(671,'CITY_NAME','Ron ',19,''),(672,'CITY_NAME','Sadalaga ',19,''),(673,'CITY_NAME','Sagara ',19,''),(674,'CITY_NAME','Sakaleshapura ',19,''),(675,'CITY_NAME','Sandur ',19,''),(676,'CITY_NAME','Sankeshwara ',19,''),(677,'CITY_NAME','Soudaththi-Yellamma ',19,''),(678,'CITY_NAME','Savanur ',19,''),(679,'CITY_NAME','Sedam ',19,''),(680,'CITY_NAME','Shahabad ',19,''),(681,'CITY_NAME','Shahapura ',19,''),(682,'CITY_NAME','Shiggaavi ',19,''),(683,'CITY_NAME','Shikapur ',19,''),(684,'CITY_NAME','Shivamogga ',19,''),(685,'CITY_NAME','Surapura ',19,''),(686,'CITY_NAME','Shree Rangapattana ',19,''),(687,'CITY_NAME','Sidhalaghatta ',19,''),(688,'CITY_NAME','Sindhagi ',19,''),(689,'CITY_NAME','Sindhanooru ',19,''),(690,'CITY_NAME','Sira ',19,''),(691,'CITY_NAME','Sirsi ',19,''),(692,'CITY_NAME','Sheraguppa ',19,''),(693,'CITY_NAME','Shreenivaasapura ',19,''),(694,'CITY_NAME','Thaalikote ',19,''),(695,'CITY_NAME','Tarikere ',19,''),(696,'CITY_NAME','Tekkalakote ',19,''),(697,'CITY_NAME','Thergallu ',19,''),(698,'CITY_NAME','Thipatooru ',19,''),(699,'CITY_NAME','Thumakooru ',19,''),(700,'CITY_NAME','Udupi ',19,''),(701,'CITY_NAME','Ugar ',19,''),(702,'CITY_NAME','Vijayapura ',19,''),(703,'CITY_NAME','Wadi ',19,''),(704,'CITY_NAME','Yaadhagiri ',19,''),(705,'CITY_NAME','Alappuzha ',20,''),(706,'CITY_NAME','Attingal ',20,''),(707,'CITY_NAME','Aroor ',20,''),(708,'CITY_NAME','Adoor ',20,''),(709,'CITY_NAME','Ancharakandy ',20,''),(710,'CITY_NAME','Avinissery ',20,''),(711,'CITY_NAME','Akathiyoor ',20,''),(712,'CITY_NAME','Ashtamichira ',20,''),(713,'CITY_NAME','Chalakudy ',20,''),(714,'CITY_NAME','Changanassery ',20,''),(715,'CITY_NAME','Chendamangalam ',20,''),(716,'CITY_NAME','Chengannur ',20,''),(717,'CITY_NAME','Cherthala ',20,''),(718,'CITY_NAME','Cheruthazham ',20,''),(719,'CITY_NAME','Chittur-Thathamangalam ',20,''),(720,'CITY_NAME','Chockli ',20,''),(721,'CITY_NAME','Erattupetta ',20,''),(722,'CITY_NAME','Guruvayoor ',20,''),(723,'CITY_NAME','Irinjalakuda ',20,''),(724,'CITY_NAME','Idukki ',20,''),(725,'CITY_NAME','Kadirur ',20,''),(726,'CITY_NAME','Kalliasseri ',20,''),(727,'CITY_NAME','Kalpetta ',20,''),(728,'CITY_NAME','Kanhangad ',20,''),(729,'CITY_NAME','Kanjikkuzhi ',20,''),(730,'CITY_NAME','Kannur ',20,''),(731,'CITY_NAME','Kasaragod ',20,''),(732,'CITY_NAME','Kayamkulam ',20,''),(733,'CITY_NAME','Kochi ',20,''),(734,'CITY_NAME','Kodungallur ',20,''),(735,'CITY_NAME','Kollam ',20,''),(736,'CITY_NAME','Koothuparamba ',20,''),(737,'CITY_NAME','Kothamangalam ',20,''),(738,'CITY_NAME','Kottayam ',20,''),(739,'CITY_NAME','Kozhikode ',20,''),(740,'CITY_NAME','Kunnamkulam ',20,''),(741,'CITY_NAME','Malappuram ',20,''),(742,'CITY_NAME','Mattannur ',20,''),(743,'CITY_NAME','Mavelikkara ',20,''),(744,'CITY_NAME','Mavoor ',20,''),(745,'CITY_NAME','Muvattupuzha ',20,''),(746,'CITY_NAME','Nedumangad ',20,''),(747,'CITY_NAME','Neyyattinkara ',20,''),(748,'CITY_NAME','Ottappalam ',20,''),(749,'CITY_NAME','Palai ',20,''),(750,'CITY_NAME','Palakkad ',20,''),(751,'CITY_NAME','Panniyannur ',20,''),(752,'CITY_NAME','Pappinisseri ',20,''),(753,'CITY_NAME','Paravoor ',20,''),(754,'CITY_NAME','Pathanamthitta ',20,''),(755,'CITY_NAME','Peringathur ',20,''),(756,'CITY_NAME','Perinthalmanna ',20,''),(757,'CITY_NAME','Perumbavoor ',20,''),(758,'CITY_NAME','Ponnani ',20,''),(759,'CITY_NAME','Punalur ',20,''),(760,'CITY_NAME','Puthuppally ',20,''),(761,'CITY_NAME','Shoranur ',20,''),(762,'CITY_NAME','Taliparamba ',20,''),(763,'CITY_NAME','Thiruvalla ',20,''),(764,'CITY_NAME','Thiruvananthapuram ',20,''),(765,'CITY_NAME','Thodupuzha ',20,''),(766,'CITY_NAME','Thrissur ',20,''),(767,'CITY_NAME','Tirur ',20,''),(768,'CITY_NAME','Vadakara ',20,''),(769,'CITY_NAME','Vaikom ',20,''),(770,'CITY_NAME','Varkala ',20,''),(771,'CITY_NAME','Amini ',21,''),(772,'CITY_NAME','Kavaratti* ',21,''),(773,'CITY_NAME','Ashok Nagar ',22,''),(774,'CITY_NAME','Balaghat ',22,''),(775,'CITY_NAME','Badagaon ',22,''),(776,'CITY_NAME','Barwani ',22,''),(777,'CITY_NAME','Betul ',22,''),(778,'CITY_NAME','Bhopal* ',22,''),(779,'CITY_NAME','Burhanpur ',22,''),(780,'CITY_NAME','Chhatarpur ',22,''),(781,'CITY_NAME','Chhindwara ',22,''),(782,'CITY_NAME','Chitrakoot ',22,''),(783,'CITY_NAME','Dabra ',22,''),(784,'CITY_NAME','Damoh ',22,''),(785,'CITY_NAME','Datia ',22,''),(786,'CITY_NAME','Dewas ',22,''),(787,'CITY_NAME','Dhar ',22,''),(788,'CITY_NAME','Fatehabad ',22,''),(789,'CITY_NAME','Guna ',22,''),(790,'CITY_NAME','Gwalior ',22,''),(791,'CITY_NAME','Harda ',22,''),(792,'CITY_NAME','Indore ',22,''),(793,'CITY_NAME','Itarsi ',22,''),(794,'CITY_NAME','Jabalpur ',22,''),(795,'CITY_NAME','Jhabua ',22,''),(796,'CITY_NAME','Kailaras ',22,''),(797,'CITY_NAME','Katni ',22,''),(798,'CITY_NAME','Khurai ',22,''),(799,'CITY_NAME','Kotma ',22,''),(800,'CITY_NAME','Lahar ',22,''),(801,'CITY_NAME','Lundi ',22,''),(802,'CITY_NAME','Maharajpur ',22,''),(803,'CITY_NAME','Mahidpur ',22,''),(804,'CITY_NAME','Maihar ',22,''),(805,'CITY_NAME','Malajkhand ',22,''),(806,'CITY_NAME','Manasa ',22,''),(807,'CITY_NAME','Manawar ',22,''),(808,'CITY_NAME','Mandideep ',22,''),(809,'CITY_NAME','Mandla ',22,''),(810,'CITY_NAME','Mandsaur ',22,''),(811,'CITY_NAME','Mauganj ',22,''),(812,'CITY_NAME','Mhow Cantonment ',22,''),(813,'CITY_NAME','Mhowgaon ',22,''),(814,'CITY_NAME','Morena ',22,''),(815,'CITY_NAME','Multai ',22,''),(816,'CITY_NAME','Murwara ',22,''),(817,'CITY_NAME','Nagda ',22,''),(818,'CITY_NAME','Nainpur ',22,''),(819,'CITY_NAME','Narsinghgarh ',22,''),(820,'CITY_NAME','Narsinghgarh ',22,''),(821,'CITY_NAME','Neemuch ',22,''),(822,'CITY_NAME','Nepanagar ',22,''),(823,'CITY_NAME','Niwari ',22,''),(824,'CITY_NAME','Nowgong ',22,''),(825,'CITY_NAME','Nowrozabad ',22,''),(826,'CITY_NAME','Pachore ',22,''),(827,'CITY_NAME','Pali ',22,''),(828,'CITY_NAME','Panagar ',22,''),(829,'CITY_NAME','Pandhurna ',22,''),(830,'CITY_NAME','Panna ',22,''),(831,'CITY_NAME','Pasan ',22,''),(832,'CITY_NAME','Pipariya ',22,''),(833,'CITY_NAME','Pithampur ',22,''),(834,'CITY_NAME','Porsa ',22,''),(835,'CITY_NAME','Prithvipur ',22,''),(836,'CITY_NAME','Raghogarh-Vijaypur ',22,''),(837,'CITY_NAME','Rahatgarh ',22,''),(838,'CITY_NAME','Raisen ',22,''),(839,'CITY_NAME','Rajgarh ',22,''),(840,'CITY_NAME','Ratlam ',22,''),(841,'CITY_NAME','Rau ',22,''),(842,'CITY_NAME','Rehli ',22,''),(843,'CITY_NAME','Rewa ',22,''),(844,'CITY_NAME','Sabalgarh ',22,''),(845,'CITY_NAME','Sagar ',22,''),(846,'CITY_NAME','Sanawad ',22,''),(847,'CITY_NAME','Sarangpur ',22,''),(848,'CITY_NAME','Sarni ',22,''),(849,'CITY_NAME','Satna ',22,''),(850,'CITY_NAME','Sausar ',22,''),(851,'CITY_NAME','Sehore ',22,''),(852,'CITY_NAME','Sendhwa ',22,''),(853,'CITY_NAME','Seoni ',22,''),(854,'CITY_NAME','Seoni-Malwa ',22,''),(855,'CITY_NAME','Shahdol ',22,''),(856,'CITY_NAME','Shajapur ',22,''),(857,'CITY_NAME','Shamgarh ',22,''),(858,'CITY_NAME','Sheopur ',22,''),(859,'CITY_NAME','Shivpuri ',22,''),(860,'CITY_NAME','Shujalpur ',22,''),(861,'CITY_NAME','Sidhi ',22,''),(862,'CITY_NAME','Sihora ',22,''),(863,'CITY_NAME','Singrauli ',22,''),(864,'CITY_NAME','Sironj ',22,''),(865,'CITY_NAME','Sohagpur ',22,''),(866,'CITY_NAME','Tarana ',22,''),(867,'CITY_NAME','Tikamgarh ',22,''),(868,'CITY_NAME','Ujhani ',22,''),(869,'CITY_NAME','Ujjain ',22,''),(870,'CITY_NAME','Umaria ',22,''),(871,'CITY_NAME','Vidisha ',22,''),(872,'CITY_NAME','Wara Seoni ',22,''),(873,'CITY_NAME','Aurangabad ',23,''),(874,'CITY_NAME','Amravati ',23,''),(875,'CITY_NAME','Akola ',23,''),(876,'CITY_NAME','Ahmednagar ',23,''),(877,'CITY_NAME','Achalpur ',23,''),(878,'CITY_NAME','Amalner ',23,''),(879,'CITY_NAME','Akot ',23,''),(880,'CITY_NAME','Ambejogai ',23,''),(881,'CITY_NAME','Anjangaon ',23,''),(882,'CITY_NAME','Arvi ',23,''),(883,'CITY_NAME','Akkalkot ',23,''),(884,'CITY_NAME','Ahmedpur ',23,''),(885,'CITY_NAME','Ashta ',23,''),(886,'CITY_NAME','Ausa ',23,''),(887,'CITY_NAME','Ambad ',23,''),(888,'CITY_NAME','Alibag ',23,''),(889,'CITY_NAME','Alandi ',23,''),(890,'CITY_NAME','Ajra ',23,''),(891,'CITY_NAME','Ambivali Tarf Wankhal ',23,''),(892,'CITY_NAME','Baramati ',23,''),(893,'CITY_NAME','Bhandara ',23,''),(894,'CITY_NAME','Bhiwandi ',23,''),(895,'CITY_NAME','Bhusawal ',23,''),(896,'CITY_NAME','Chalisgaon ',23,''),(897,'CITY_NAME','Chandrapur ',23,''),(898,'CITY_NAME','Chinchani ',23,''),(899,'CITY_NAME','Chiplun ',23,''),(900,'CITY_NAME','Daund ',23,''),(901,'CITY_NAME','Devgarh ',23,''),(902,'CITY_NAME','Dhule ',23,''),(903,'CITY_NAME','Dombivli ',23,''),(904,'CITY_NAME','Durgapur ',23,''),(905,'CITY_NAME','Gadchiroli ',23,''),(906,'CITY_NAME','Ghatanji ',23,''),(907,'CITY_NAME','Gondiya ',23,''),(908,'CITY_NAME','Ichalkaranji ',23,''),(909,'CITY_NAME','Jalna ',23,''),(910,'CITY_NAME','Jalgaon ',23,''),(911,'CITY_NAME','Junnar ',23,''),(912,'CITY_NAME','Kalyan ',23,''),(913,'CITY_NAME','Kamthi ',23,''),(914,'CITY_NAME','Karad ',23,''),(915,'CITY_NAME','karjat ',23,''),(916,'CITY_NAME','Kolhapur ',23,''),(917,'CITY_NAME','Latur ',23,''),(918,'CITY_NAME','Loha ',23,''),(919,'CITY_NAME','Lonar ',23,''),(920,'CITY_NAME','Lonavla ',23,''),(921,'CITY_NAME','Mahabaleswar ',23,''),(922,'CITY_NAME','Mahad ',23,''),(923,'CITY_NAME','Mahuli ',23,''),(924,'CITY_NAME','Malegaon ',23,''),(925,'CITY_NAME','Malkapur ',23,''),(926,'CITY_NAME','Manchar ',23,''),(927,'CITY_NAME','Mangalvedhe ',23,''),(928,'CITY_NAME','Mangrulpir ',23,''),(929,'CITY_NAME','Manjlegaon ',23,''),(930,'CITY_NAME','Manmad ',23,''),(931,'CITY_NAME','Manwath ',23,''),(932,'CITY_NAME','Mehkar ',23,''),(933,'CITY_NAME','Mhaswad ',23,''),(934,'CITY_NAME','Mira-Bhayandar ',23,''),(935,'CITY_NAME','Miraj ',23,''),(936,'CITY_NAME','Morshi ',23,''),(937,'CITY_NAME','Mukhed ',23,''),(938,'CITY_NAME','Mul ',23,''),(939,'CITY_NAME','Mumbai ',23,''),(940,'CITY_NAME','Murtijapur ',23,''),(941,'CITY_NAME','Nagpur ',23,''),(942,'CITY_NAME','Nalasopara ',23,''),(943,'CITY_NAME','Nanded-Waghala ',23,''),(944,'CITY_NAME','Nandgaon ',23,''),(945,'CITY_NAME','Nandura ',23,''),(946,'CITY_NAME','Nandurbar ',23,''),(947,'CITY_NAME','Narkhed ',23,''),(948,'CITY_NAME','Nashik ',23,''),(949,'CITY_NAME','Navi Mumbai ',23,''),(950,'CITY_NAME','Nawapur ',23,''),(951,'CITY_NAME','Nilanga ',23,''),(952,'CITY_NAME','Osmanabad ',23,''),(953,'CITY_NAME','Ozar ',23,''),(954,'CITY_NAME','Pachora ',23,''),(955,'CITY_NAME','Paithan ',23,''),(956,'CITY_NAME','Palghar ',23,''),(957,'CITY_NAME','Pandharkaoda ',23,''),(958,'CITY_NAME','Pandharpur ',23,''),(959,'CITY_NAME','Panvel ',23,''),(960,'CITY_NAME','Parbhani ',23,''),(961,'CITY_NAME','Parli ',23,''),(962,'CITY_NAME','Parola ',23,''),(963,'CITY_NAME','Partur ',23,''),(964,'CITY_NAME','Pathardi ',23,''),(965,'CITY_NAME','Pathri ',23,''),(966,'CITY_NAME','Patur ',23,''),(967,'CITY_NAME','Pauni ',23,''),(968,'CITY_NAME','Pen ',23,''),(969,'CITY_NAME','Phaltan ',23,''),(970,'CITY_NAME','Pulgaon ',23,''),(971,'CITY_NAME','Pune ',23,''),(972,'CITY_NAME','Purna ',23,''),(973,'CITY_NAME','Pusad ',23,''),(974,'CITY_NAME','Raichuri ',23,''),(975,'CITY_NAME','Rajura ',23,''),(976,'CITY_NAME','Ramtek ',23,''),(977,'CITY_NAME','Ratnagiri ',23,''),(978,'CITY_NAME','Raver ',23,''),(979,'CITY_NAME','Risod ',23,''),(980,'CITY_NAME','Sailu ',23,''),(981,'CITY_NAME','Sangamner ',23,''),(982,'CITY_NAME','Sangli ',23,''),(983,'CITY_NAME','Sangole ',23,''),(984,'CITY_NAME','Sasvad ',23,''),(985,'CITY_NAME','Satana ',23,''),(986,'CITY_NAME','Satara ',23,''),(987,'CITY_NAME','Savner ',23,''),(988,'CITY_NAME','Sawantwadi ',23,''),(989,'CITY_NAME','Shahade ',23,''),(990,'CITY_NAME','Shegaon ',23,''),(991,'CITY_NAME','Shendurjana ',23,''),(992,'CITY_NAME','Shirdi ',23,''),(993,'CITY_NAME','Shirpur-Warwade ',23,''),(994,'CITY_NAME','Shirur ',23,''),(995,'CITY_NAME','Shrigonda ',23,''),(996,'CITY_NAME','Shrirampur ',23,''),(997,'CITY_NAME','Sillod ',23,''),(998,'CITY_NAME','Sinnar ',23,''),(999,'CITY_NAME','Solapur ',23,''),(1000,'CITY_NAME','Soyagaon ',23,''),(1001,'CITY_NAME','Talegaon Dabhade ',23,''),(1002,'CITY_NAME','Talode ',23,''),(1003,'CITY_NAME','Tasgaon ',23,''),(1004,'CITY_NAME','Tirora ',23,''),(1005,'CITY_NAME','Tuljapur ',23,''),(1006,'CITY_NAME','Tumsar ',23,''),(1007,'CITY_NAME','Uchgaon ',23,''),(1008,'CITY_NAME','Udgir ',23,''),(1009,'CITY_NAME','Umarga ',23,''),(1010,'CITY_NAME','Umarkhed ',23,''),(1011,'CITY_NAME','Umred ',23,''),(1012,'CITY_NAME','Uran ',23,''),(1013,'CITY_NAME','Uran Islampur ',23,''),(1014,'CITY_NAME','Vadgaon Kasba ',23,''),(1015,'CITY_NAME','Vaijapur ',23,''),(1016,'CITY_NAME','Vasai ',23,''),(1017,'CITY_NAME','Virar ',23,''),(1018,'CITY_NAME','Vita ',23,''),(1019,'CITY_NAME','Wadgaon Road ',23,''),(1020,'CITY_NAME','Wai ',23,''),(1021,'CITY_NAME','Wani ',23,''),(1022,'CITY_NAME','Wardha ',23,''),(1023,'CITY_NAME','Warora ',23,''),(1024,'CITY_NAME','Warud ',23,''),(1025,'CITY_NAME','Washim ',23,''),(1026,'CITY_NAME','Yavatmal ',23,''),(1027,'CITY_NAME','Yawal ',23,''),(1028,'CITY_NAME','Yevla ',23,''),(1029,'CITY_NAME','Imphal* ',24,''),(1030,'CITY_NAME','Kakching ',24,''),(1031,'CITY_NAME','Lilong ',24,''),(1032,'CITY_NAME','Mayang Imphal ',24,''),(1033,'CITY_NAME','Thoubal ',24,''),(1034,'CITY_NAME','Jowai ',25,''),(1035,'CITY_NAME','Nongstoin ',25,''),(1036,'CITY_NAME','Shillong* ',25,''),(1037,'CITY_NAME','Tura ',25,''),(1038,'CITY_NAME','Aizawl ',26,''),(1039,'CITY_NAME','Champhai ',26,''),(1040,'CITY_NAME','Lunglei ',26,''),(1041,'CITY_NAME','Saiha ',26,''),(1042,'CITY_NAME','Dimapur ',27,''),(1043,'CITY_NAME','Kohima* ',27,''),(1044,'CITY_NAME','Mokokchung ',27,''),(1045,'CITY_NAME','Tuensang ',27,''),(1046,'CITY_NAME','Wokha ',27,''),(1047,'CITY_NAME','Zunheboto ',27,''),(1048,'CITY_NAME','Name of City/Town ',28,''),(1049,'CITY_NAME','Anugul ',29,''),(1050,'CITY_NAME','Anandapur ',29,''),(1051,'CITY_NAME','Asika ',29,''),(1052,'CITY_NAME','Bhubaneswar* ',29,''),(1053,'CITY_NAME','Brahmapur ',29,''),(1054,'CITY_NAME','Baleshwar ',29,''),(1055,'CITY_NAME','Baripada ',29,''),(1056,'CITY_NAME','Bhadrak ',29,''),(1057,'CITY_NAME','Balangir ',29,''),(1058,'CITY_NAME','Brajrajnagar ',29,''),(1059,'CITY_NAME','Bargarh ',29,''),(1060,'CITY_NAME','Bhawanipatna ',29,''),(1061,'CITY_NAME','Barbil ',29,''),(1062,'CITY_NAME','Byasanagar ',29,''),(1063,'CITY_NAME','Belpahar ',29,''),(1064,'CITY_NAME','Basudebpur ',29,''),(1065,'CITY_NAME','Biramitrapur ',29,''),(1066,'CITY_NAME','Bhuban ',29,''),(1067,'CITY_NAME','Balasore ',29,''),(1068,'CITY_NAME','Bamra ',29,''),(1069,'CITY_NAME','Bargarh ',29,''),(1070,'CITY_NAME','Berhampur ',29,''),(1071,'CITY_NAME','Burla ',29,''),(1072,'CITY_NAME','Cuttack ',29,''),(1073,'CITY_NAME','Debagarh ',29,''),(1074,'CITY_NAME','Dhenkanal ',29,''),(1075,'CITY_NAME','Ganjam ',29,''),(1076,'CITY_NAME','Gunupur ',29,''),(1077,'CITY_NAME','Hinjilicut ',29,''),(1078,'CITY_NAME','Jagatsinghapur ',29,''),(1079,'CITY_NAME','Jajapur ',29,''),(1080,'CITY_NAME','Jaleswar ',29,''),(1081,'CITY_NAME','Jatani ',29,''),(1082,'CITY_NAME','Jeypur ',29,''),(1083,'CITY_NAME','Jharsuguda ',29,''),(1084,'CITY_NAME','Joda ',29,''),(1085,'CITY_NAME','Kantabanji ',29,''),(1086,'CITY_NAME','Karanjia ',29,''),(1087,'CITY_NAME','Kendrapara ',29,''),(1088,'CITY_NAME','Kendujhar ',29,''),(1089,'CITY_NAME','Khordha ',29,''),(1090,'CITY_NAME','Koraput ',29,''),(1091,'CITY_NAME','Kuchinda ',29,''),(1092,'CITY_NAME','Madhyamgram ',29,''),(1093,'CITY_NAME','Malkangiri ',29,''),(1094,'CITY_NAME','Nabarangapur ',29,''),(1095,'CITY_NAME','Paradip ',29,''),(1096,'CITY_NAME','Parlakhemundi ',29,''),(1097,'CITY_NAME','Pattamundai ',29,''),(1098,'CITY_NAME','Phulabani ',29,''),(1099,'CITY_NAME','Puri ',29,''),(1100,'CITY_NAME','Rairangpur ',29,''),(1101,'CITY_NAME','Rajagangapur ',29,''),(1102,'CITY_NAME','Raurkela ',29,''),(1103,'CITY_NAME','Rayagada ',29,''),(1104,'CITY_NAME','Sambalpur ',29,''),(1105,'CITY_NAME','Soro ',29,''),(1106,'CITY_NAME','Sunabeda ',29,''),(1107,'CITY_NAME','Sundargarh ',29,''),(1108,'CITY_NAME','Talcher ',29,''),(1109,'CITY_NAME','Titlagarh ',29,''),(1110,'CITY_NAME','Umarkote ',29,''),(1111,'CITY_NAME','Karaikal ',30,''),(1112,'CITY_NAME','Mahe ',30,''),(1113,'CITY_NAME','Pondicherry* ',30,''),(1114,'CITY_NAME','Yanam ',30,''),(1115,'CITY_NAME','Amritsar ',31,''),(1116,'CITY_NAME','Ahmedgarh ',31,''),(1117,'CITY_NAME','Bathinda ',31,''),(1118,'CITY_NAME','Batala ',31,''),(1119,'CITY_NAME','Barnala ',31,''),(1120,'CITY_NAME','Budhlada ',31,''),(1121,'CITY_NAME','Bhagha Purana ',31,''),(1122,'CITY_NAME','Dasua ',31,''),(1123,'CITY_NAME','Dhuri ',31,''),(1124,'CITY_NAME','Dinanagar ',31,''),(1125,'CITY_NAME','Faridkot ',31,''),(1126,'CITY_NAME','Fazilka ',31,''),(1127,'CITY_NAME','Firozpur ',31,''),(1128,'CITY_NAME','Firozpur Cantt. ',31,''),(1129,'CITY_NAME','Giddarbaha ',31,''),(1130,'CITY_NAME','Gobindgarh ',31,''),(1131,'CITY_NAME','Gurdaspur ',31,''),(1132,'CITY_NAME','Hoshiarpur ',31,''),(1133,'CITY_NAME','Jagraon ',31,''),(1134,'CITY_NAME','Jaitu ',31,''),(1135,'CITY_NAME','Jalalabad ',31,''),(1136,'CITY_NAME','Jalandhar Cantt. ',31,''),(1137,'CITY_NAME','Jalandhar ',31,''),(1138,'CITY_NAME','Jandiala ',31,''),(1139,'CITY_NAME','Kapurthala ',31,''),(1140,'CITY_NAME','Karoran ',31,''),(1141,'CITY_NAME','Kartarpur ',31,''),(1142,'CITY_NAME','Khanna ',31,''),(1143,'CITY_NAME','Kharar ',31,''),(1144,'CITY_NAME','Kot Kapura ',31,''),(1145,'CITY_NAME','Kurali ',31,''),(1146,'CITY_NAME','Kamahi Devi ',31,''),(1147,'CITY_NAME','Longowal ',31,''),(1148,'CITY_NAME','Ludhiana ',31,''),(1149,'CITY_NAME','Malerkotla ',31,''),(1150,'CITY_NAME','Malout ',31,''),(1151,'CITY_NAME','Mansa ',31,''),(1152,'CITY_NAME','Maur ',31,''),(1153,'CITY_NAME','Moga ',31,''),(1154,'CITY_NAME','Mohali ',31,''),(1155,'CITY_NAME','Morinda ',31,''),(1156,'CITY_NAME','Mukatsar ',31,''),(1157,'CITY_NAME','Mukerian ',31,''),(1158,'CITY_NAME','Muktsar ',31,''),(1159,'CITY_NAME','Nabha ',31,''),(1160,'CITY_NAME','Nakodar ',31,''),(1161,'CITY_NAME','Nangal ',31,''),(1162,'CITY_NAME','Nawanshahr ',31,''),(1163,'CITY_NAME','Pathankot ',31,''),(1164,'CITY_NAME','Patiala ',31,''),(1165,'CITY_NAME','Patran ',31,''),(1166,'CITY_NAME','Patti ',31,''),(1167,'CITY_NAME','Phagwara ',31,''),(1168,'CITY_NAME','Phillaur ',31,''),(1169,'CITY_NAME','Raikot ',31,''),(1170,'CITY_NAME','Rajpura ',31,''),(1171,'CITY_NAME','Rampura Phul ',31,''),(1172,'CITY_NAME','Rupnagar ',31,''),(1173,'CITY_NAME','Samana ',31,''),(1174,'CITY_NAME','Sangrur ',31,''),(1175,'CITY_NAME','Sirhind Fatehgarh Sahib ',31,''),(1176,'CITY_NAME','Sujanpur ',31,''),(1177,'CITY_NAME','Sunam ',31,''),(1178,'CITY_NAME','Talwara ',31,''),(1179,'CITY_NAME','Tarn Taran ',31,''),(1180,'CITY_NAME','Urmar Tanda ',31,''),(1181,'CITY_NAME','Zira ',31,''),(1182,'CITY_NAME','Zirakpur ',31,''),(1183,'CITY_NAME','Ajmer ',32,''),(1184,'CITY_NAME','Alwar ',32,''),(1185,'CITY_NAME','Bali ',32,''),(1186,'CITY_NAME','Bandikui ',32,''),(1187,'CITY_NAME','Banswara ',32,''),(1188,'CITY_NAME','Baran ',32,''),(1189,'CITY_NAME','Barmer ',32,''),(1190,'CITY_NAME','Beawar ',32,''),(1191,'CITY_NAME','Bharatpur ',32,''),(1192,'CITY_NAME','Bhilwara ',32,''),(1193,'CITY_NAME','Bhinmal ',32,''),(1194,'CITY_NAME','Bikaner ',32,''),(1195,'CITY_NAME','Bilara ',32,''),(1196,'CITY_NAME','Churu ',32,''),(1197,'CITY_NAME','Devgarh ',32,''),(1198,'CITY_NAME','Falna ',32,''),(1199,'CITY_NAME','Fatehpur ',32,''),(1200,'CITY_NAME','Hanumangarh ',32,''),(1201,'CITY_NAME','Harsawa ',32,''),(1202,'CITY_NAME','Jaipur* ',32,''),(1203,'CITY_NAME','Jaisalmer ',32,''),(1204,'CITY_NAME','Jaitaran ',32,''),(1205,'CITY_NAME','Jalore ',32,''),(1206,'CITY_NAME','Jhalawar ',32,''),(1207,'CITY_NAME','Jhunjhunu ',32,''),(1208,'CITY_NAME','Jodhpur ',32,''),(1209,'CITY_NAME','Kota ',32,''),(1210,'CITY_NAME','Lachhmangarh ',32,''),(1211,'CITY_NAME','Ladnu ',32,''),(1212,'CITY_NAME','Lakheri ',32,''),(1213,'CITY_NAME','Lalsot ',32,''),(1214,'CITY_NAME','Losal ',32,''),(1215,'CITY_NAME','Mahwa ',32,''),(1216,'CITY_NAME','Makrana ',32,''),(1217,'CITY_NAME','Malpura ',32,''),(1218,'CITY_NAME','Mandalgarh ',32,''),(1219,'CITY_NAME','Mandawa ',32,''),(1220,'CITY_NAME','Mangrol ',32,''),(1221,'CITY_NAME','Merta City ',32,''),(1222,'CITY_NAME','Mount Abu ',32,''),(1223,'CITY_NAME','Nadbai ',32,''),(1224,'CITY_NAME','Nagar ',32,''),(1225,'CITY_NAME','Nagaur ',32,''),(1226,'CITY_NAME','Nargund ',32,''),(1227,'CITY_NAME','Nasirabad ',32,''),(1228,'CITY_NAME','Nathdwara ',32,''),(1229,'CITY_NAME','Navalgund ',32,''),(1230,'CITY_NAME','Nawalgarh ',32,''),(1231,'CITY_NAME','Neem-Ka-Thana ',32,''),(1232,'CITY_NAME','Nelamangala ',32,''),(1233,'CITY_NAME','Nimbahera ',32,''),(1234,'CITY_NAME','Niwai ',32,''),(1235,'CITY_NAME','Nohar ',32,''),(1236,'CITY_NAME','Nokha ',32,''),(1237,'CITY_NAME','Pali ',32,''),(1238,'CITY_NAME','Phalodi ',32,''),(1239,'CITY_NAME','Phulera ',32,''),(1240,'CITY_NAME','Pilani ',32,''),(1241,'CITY_NAME','Pilibanga ',32,''),(1242,'CITY_NAME','Pindwara ',32,''),(1243,'CITY_NAME','Pipar City ',32,''),(1244,'CITY_NAME','Prantij ',32,''),(1245,'CITY_NAME','Pratapgarh ',32,''),(1246,'CITY_NAME','Raisinghnagar ',32,''),(1247,'CITY_NAME','Rajakhera ',32,''),(1248,'CITY_NAME','Rajaldesar ',32,''),(1249,'CITY_NAME','Rajgarh (Alwar) ',32,''),(1250,'CITY_NAME','Rajgarh (Churu) ',32,''),(1251,'CITY_NAME','Rajsamand ',32,''),(1252,'CITY_NAME','Ramganj Mandi ',32,''),(1253,'CITY_NAME','Ramngarh ',32,''),(1254,'CITY_NAME','Ratangarh ',32,''),(1255,'CITY_NAME','Rawatbhata ',32,''),(1256,'CITY_NAME','Rawatsar ',32,''),(1257,'CITY_NAME','Reengus ',32,''),(1258,'CITY_NAME','Sadri ',32,''),(1259,'CITY_NAME','Sadulshahar ',32,''),(1260,'CITY_NAME','Sagwara ',32,''),(1261,'CITY_NAME','Sambhar ',32,''),(1262,'CITY_NAME','Sanchore ',32,''),(1263,'CITY_NAME','Sangaria ',32,''),(1264,'CITY_NAME','Sardarshahar ',32,''),(1265,'CITY_NAME','Sawai Madhopur ',32,''),(1266,'CITY_NAME','Shahpura ',32,''),(1267,'CITY_NAME','Shahpura ',32,''),(1268,'CITY_NAME','Sheoganj ',32,''),(1269,'CITY_NAME','Sikar ',32,''),(1270,'CITY_NAME','Sirohi ',32,''),(1271,'CITY_NAME','Sojat ',32,''),(1272,'CITY_NAME','Sri Madhopur ',32,''),(1273,'CITY_NAME','Sujangarh ',32,''),(1274,'CITY_NAME','Sumerpur ',32,''),(1275,'CITY_NAME','Suratgarh ',32,''),(1276,'CITY_NAME','Taranagar ',32,''),(1277,'CITY_NAME','Todabhim ',32,''),(1278,'CITY_NAME','Todaraisingh ',32,''),(1279,'CITY_NAME','Tonk ',32,''),(1280,'CITY_NAME','Udaipur ',32,''),(1281,'CITY_NAME','Udaipurwati ',32,''),(1282,'CITY_NAME','Vijainagar ',32,''),(1283,'CITY_NAME','Gangtok* ',33,''),(1284,'CITY_NAME','Aruppukkottai ',34,''),(1285,'CITY_NAME','Arakkonam ',34,''),(1286,'CITY_NAME','Arcot ',34,''),(1287,'CITY_NAME','Bhavani ',34,''),(1288,'CITY_NAME','Chengalpattu ',34,''),(1289,'CITY_NAME','Chennai* ',34,''),(1290,'CITY_NAME','Chinna salem ',34,''),(1291,'CITY_NAME','Coimbatore ',34,''),(1292,'CITY_NAME','Coonoor ',34,''),(1293,'CITY_NAME','Cuddalore ',34,''),(1294,'CITY_NAME','Dharmapuri ',34,''),(1295,'CITY_NAME','Dindigul ',34,''),(1296,'CITY_NAME','Erode ',34,''),(1297,'CITY_NAME','Gudalur ',34,''),(1298,'CITY_NAME','Gudalur ',34,''),(1299,'CITY_NAME','Gudalur ',34,''),(1300,'CITY_NAME','Jayankondam ',34,''),(1301,'CITY_NAME','Kanchipuram ',34,''),(1302,'CITY_NAME','Karaikudi ',34,''),(1303,'CITY_NAME','Karur ',34,''),(1304,'CITY_NAME','Karungal ',34,''),(1305,'CITY_NAME','Kollankodu ',34,''),(1306,'CITY_NAME','Lalgudi ',34,''),(1307,'CITY_NAME','Madurai ',34,''),(1308,'CITY_NAME','Nagapattinam ',34,''),(1309,'CITY_NAME','Nagercoil ',34,''),(1310,'CITY_NAME','Namagiripettai ',34,''),(1311,'CITY_NAME','Namakkal ',34,''),(1312,'CITY_NAME','Nandivaram-Guduvancheri ',34,''),(1313,'CITY_NAME','Nanjikottai ',34,''),(1314,'CITY_NAME','Natham ',34,''),(1315,'CITY_NAME','Nellikuppam ',34,''),(1316,'CITY_NAME','Neyveli ',34,''),(1317,'CITY_NAME','O\' Valley ',34,''),(1318,'CITY_NAME','Oddanchatram ',34,''),(1319,'CITY_NAME','P.N.Patti ',34,''),(1320,'CITY_NAME','Pacode ',34,''),(1321,'CITY_NAME','Padmanabhapuram ',34,''),(1322,'CITY_NAME','Palani ',34,''),(1323,'CITY_NAME','Palladam ',34,''),(1324,'CITY_NAME','Pallapatti ',34,''),(1325,'CITY_NAME','Pallikonda ',34,''),(1326,'CITY_NAME','Panagudi ',34,''),(1327,'CITY_NAME','Panruti ',34,''),(1328,'CITY_NAME','Paramakudi ',34,''),(1329,'CITY_NAME','Parangipettai ',34,''),(1330,'CITY_NAME','Pattukkottai ',34,''),(1331,'CITY_NAME','Perambalur ',34,''),(1332,'CITY_NAME','Peravurani ',34,''),(1333,'CITY_NAME','Periyakulam ',34,''),(1334,'CITY_NAME','Periyasemur ',34,''),(1335,'CITY_NAME','Pernampattu ',34,''),(1336,'CITY_NAME','Pollachi ',34,''),(1337,'CITY_NAME','Polur ',34,''),(1338,'CITY_NAME','Ponneri ',34,''),(1339,'CITY_NAME','Pudukkottai ',34,''),(1340,'CITY_NAME','Pudupattinam ',34,''),(1341,'CITY_NAME','Puliyankudi ',34,''),(1342,'CITY_NAME','Punjaipugalur ',34,''),(1343,'CITY_NAME','Rajapalayam ',34,''),(1344,'CITY_NAME','Ramanathapuram ',34,''),(1345,'CITY_NAME','Rameshwaram ',34,''),(1346,'CITY_NAME','Rasipuram ',34,''),(1347,'CITY_NAME','Salem ',34,''),(1348,'CITY_NAME','Sankarankoil ',34,''),(1349,'CITY_NAME','Sankari ',34,''),(1350,'CITY_NAME','Sathyamangalam ',34,''),(1351,'CITY_NAME','Sattur ',34,''),(1352,'CITY_NAME','Shenkottai ',34,''),(1353,'CITY_NAME','Sholavandan ',34,''),(1354,'CITY_NAME','Sholingur ',34,''),(1355,'CITY_NAME','Sirkali ',34,''),(1356,'CITY_NAME','Sivaganga ',34,''),(1357,'CITY_NAME','Sivagiri ',34,''),(1358,'CITY_NAME','Sivakasi ',34,''),(1359,'CITY_NAME','Srivilliputhur ',34,''),(1360,'CITY_NAME','Surandai ',34,''),(1361,'CITY_NAME','Suriyampalayam ',34,''),(1362,'CITY_NAME','Tenkasi ',34,''),(1363,'CITY_NAME','Thammampatti ',34,''),(1364,'CITY_NAME','Thanjavur ',34,''),(1365,'CITY_NAME','Tharamangalam ',34,''),(1366,'CITY_NAME','Tharangambadi ',34,''),(1367,'CITY_NAME','Theni Allinagaram ',34,''),(1368,'CITY_NAME','Thirumangalam ',34,''),(1369,'CITY_NAME','Thirunindravur ',34,''),(1370,'CITY_NAME','Thiruparappu ',34,''),(1371,'CITY_NAME','Thirupuvanam ',34,''),(1372,'CITY_NAME','Thiruthuraipoondi ',34,''),(1373,'CITY_NAME','Thiruvallur ',34,''),(1374,'CITY_NAME','Thiruvarur ',34,''),(1375,'CITY_NAME','Thoothukudi ',34,''),(1376,'CITY_NAME','Thuraiyur ',34,''),(1377,'CITY_NAME','Tindivanam ',34,''),(1378,'CITY_NAME','Tiruchendur ',34,''),(1379,'CITY_NAME','Tiruchengode ',34,''),(1380,'CITY_NAME','Tiruchirappalli ',34,''),(1381,'CITY_NAME','Tirukalukundram ',34,''),(1382,'CITY_NAME','Tirukkoyilur ',34,''),(1383,'CITY_NAME','Tirunelveli ',34,''),(1384,'CITY_NAME','Tirupathur ',34,''),(1385,'CITY_NAME','Tirupathur ',34,''),(1386,'CITY_NAME','Tiruppur ',34,''),(1387,'CITY_NAME','Tiruttani ',34,''),(1388,'CITY_NAME','Tiruvannamalai ',34,''),(1389,'CITY_NAME','Tiruvethipuram ',34,''),(1390,'CITY_NAME','Tittakudi ',34,''),(1391,'CITY_NAME','Udhagamandalam ',34,''),(1392,'CITY_NAME','Udumalaipettai ',34,''),(1393,'CITY_NAME','Unnamalaikadai ',34,''),(1394,'CITY_NAME','Usilampatti ',34,''),(1395,'CITY_NAME','Uthamapalayam ',34,''),(1396,'CITY_NAME','Uthiramerur ',34,''),(1397,'CITY_NAME','Vadakkuvalliyur ',34,''),(1398,'CITY_NAME','Vadalur ',34,''),(1399,'CITY_NAME','Vadipatti ',34,''),(1400,'CITY_NAME','Valparai ',34,''),(1401,'CITY_NAME','Vandavasi ',34,''),(1402,'CITY_NAME','Vaniyambadi ',34,''),(1403,'CITY_NAME','Vedaranyam ',34,''),(1404,'CITY_NAME','Vellakoil ',34,''),(1405,'CITY_NAME','Vellore ',34,''),(1406,'CITY_NAME','Vikramasingapuram ',34,''),(1407,'CITY_NAME','Viluppuram ',34,''),(1408,'CITY_NAME','Virudhachalam ',34,''),(1409,'CITY_NAME','Virudhunagar ',34,''),(1410,'CITY_NAME','Viswanatham ',34,''),(1411,'CITY_NAME','Gingee ',35,''),(1412,'CITY_NAME','Gobichettipalayam ',35,''),(1413,'CITY_NAME','Agartala ',36,''),(1414,'CITY_NAME','Badharghat ',36,''),(1415,'CITY_NAME','Dharmanagar ',36,''),(1416,'CITY_NAME','Indranagar ',36,''),(1417,'CITY_NAME','Jogendranagar ',36,''),(1418,'CITY_NAME','Kailasahar ',36,''),(1419,'CITY_NAME','Khowai ',36,''),(1420,'CITY_NAME','Pratapgarh ',36,''),(1421,'CITY_NAME','Udaipur ',36,''),(1422,'CITY_NAME','Agra ',37,''),(1423,'CITY_NAME','Allahabad ',37,''),(1424,'CITY_NAME','Aligarh ',37,''),(1425,'CITY_NAME','Amroha ',37,''),(1426,'CITY_NAME','Azamgarh ',37,''),(1427,'CITY_NAME','Achhnera ',37,''),(1428,'CITY_NAME','Adari ',37,''),(1429,'CITY_NAME','Bahraich ',37,''),(1430,'CITY_NAME','Badaun ',37,''),(1431,'CITY_NAME','Ballia ',37,''),(1432,'CITY_NAME','Balrampur ',37,''),(1433,'CITY_NAME','Banda ',37,''),(1434,'CITY_NAME','Bareilly ',37,''),(1435,'CITY_NAME','Bharthana ',37,''),(1436,'CITY_NAME','Bijnaur ',37,''),(1437,'CITY_NAME','Budaun ',37,''),(1438,'CITY_NAME','Bulandshahr ',37,''),(1439,'CITY_NAME','Chakeri ',37,''),(1440,'CITY_NAME','Chandausi ',37,''),(1441,'CITY_NAME','Charkhari ',37,''),(1442,'CITY_NAME','Dadri ',37,''),(1443,'CITY_NAME','Deoria ',37,''),(1444,'CITY_NAME','Etah ',37,''),(1445,'CITY_NAME','Etawah ',37,''),(1446,'CITY_NAME','Faizabad ',37,''),(1447,'CITY_NAME','Farrukhabad ',37,''),(1448,'CITY_NAME','Fatehabad ',37,''),(1449,'CITY_NAME','Fatehgarh ',37,''),(1450,'CITY_NAME','Fatehpur Chaurasi ',37,''),(1451,'CITY_NAME','Fatehpur Sikri ',37,''),(1452,'CITY_NAME','Fatehpur ',37,''),(1453,'CITY_NAME','Fatehpur ',37,''),(1454,'CITY_NAME','Firozabad ',37,''),(1455,'CITY_NAME','Ghatampur ',37,''),(1456,'CITY_NAME','Ghaziabad ',37,''),(1457,'CITY_NAME','Ghazipur ',37,''),(1458,'CITY_NAME','Gorakhpur ',37,''),(1459,'CITY_NAME','Greater Noida ',37,''),(1460,'CITY_NAME','Hamirpur ',37,''),(1461,'CITY_NAME','Hapur ',37,''),(1462,'CITY_NAME','Hardoi ',37,''),(1463,'CITY_NAME','Hastinapur ',37,''),(1464,'CITY_NAME','Hathras ',37,''),(1465,'CITY_NAME','Jais ',37,''),(1466,'CITY_NAME','Jajmau ',37,''),(1467,'CITY_NAME','Jaunpur ',37,''),(1468,'CITY_NAME','Jhansi ',37,''),(1469,'CITY_NAME','Kalpi ',37,''),(1470,'CITY_NAME','Kanpur ',37,''),(1471,'CITY_NAME','Kheri ',37,''),(1472,'CITY_NAME','Kota ',37,''),(1473,'CITY_NAME','Kulpahar ',37,''),(1474,'CITY_NAME','Laharpur ',37,''),(1475,'CITY_NAME','Lakhimpur ',37,''),(1476,'CITY_NAME','Lal Gopalganj Nindaura ',37,''),(1477,'CITY_NAME','Lalitpur ',37,''),(1478,'CITY_NAME','Lalganj ',37,''),(1479,'CITY_NAME','Lar ',37,''),(1480,'CITY_NAME','Loni ',37,''),(1481,'CITY_NAME','Lucknow* ',37,''),(1482,'CITY_NAME','Mahoba ',37,''),(1483,'CITY_NAME','Mathura ',37,''),(1484,'CITY_NAME','Meerut ',37,''),(1485,'CITY_NAME','Mirzapur ',37,''),(1486,'CITY_NAME','Modinagar ',37,''),(1487,'CITY_NAME','Moradabad ',37,''),(1488,'CITY_NAME','Muradnagar ',37,''),(1489,'CITY_NAME','Muzaffarnagar ',37,''),(1490,'CITY_NAME','Nagina ',37,''),(1491,'CITY_NAME','Najibabad ',37,''),(1492,'CITY_NAME','Nakur ',37,''),(1493,'CITY_NAME','Nanpara ',37,''),(1494,'CITY_NAME','Naraura ',37,''),(1495,'CITY_NAME','Naugawan Sadat ',37,''),(1496,'CITY_NAME','Nautanwa ',37,''),(1497,'CITY_NAME','Nawabganj ',37,''),(1498,'CITY_NAME','Nehtaur ',37,''),(1499,'CITY_NAME','Noida ',37,''),(1500,'CITY_NAME','Noorpur ',37,''),(1501,'CITY_NAME','Obra ',37,''),(1502,'CITY_NAME','Orai ',37,''),(1503,'CITY_NAME','Padrauna ',37,''),(1504,'CITY_NAME','Palia Kalan ',37,''),(1505,'CITY_NAME','Parasi ',37,''),(1506,'CITY_NAME','Phulpur ',37,''),(1507,'CITY_NAME','Pihani ',37,''),(1508,'CITY_NAME','Pilibhit ',37,''),(1509,'CITY_NAME','Pilkhuwa ',37,''),(1510,'CITY_NAME','Powayan ',37,''),(1511,'CITY_NAME','Pukhrayan ',37,''),(1512,'CITY_NAME','Puranpur ',37,''),(1513,'CITY_NAME','Purquazi ',37,''),(1514,'CITY_NAME','Purwa ',37,''),(1515,'CITY_NAME','Rae Bareli ',37,''),(1516,'CITY_NAME','Rampur ',37,''),(1517,'CITY_NAME','Rampur Maniharan ',37,''),(1518,'CITY_NAME','Rasra ',37,''),(1519,'CITY_NAME','Rath ',37,''),(1520,'CITY_NAME','Renukoot ',37,''),(1521,'CITY_NAME','Reoti ',37,''),(1522,'CITY_NAME','Robertsganj ',37,''),(1523,'CITY_NAME','Rudauli ',37,''),(1524,'CITY_NAME','Rudrapur ',37,''),(1525,'CITY_NAME','Sadabad ',37,''),(1526,'CITY_NAME','Safipur ',37,''),(1527,'CITY_NAME','Saharanpur ',37,''),(1528,'CITY_NAME','Sahaspur ',37,''),(1529,'CITY_NAME','Sahaswan ',37,''),(1530,'CITY_NAME','Sahawar ',37,''),(1531,'CITY_NAME','Sahjanwa ',37,''),(1532,'CITY_NAME','Saidpur ',37,''),(1533,'CITY_NAME','Sambhal ',37,''),(1534,'CITY_NAME','Samdhan ',37,''),(1535,'CITY_NAME','Samthar ',37,''),(1536,'CITY_NAME','Sandi ',37,''),(1537,'CITY_NAME','Sandila ',37,''),(1538,'CITY_NAME','Sardhana ',37,''),(1539,'CITY_NAME','Seohara ',37,''),(1540,'CITY_NAME','Shahabad, Hardoi ',37,''),(1541,'CITY_NAME','Shahabad, Rampur ',37,''),(1542,'CITY_NAME','Shahganj ',37,''),(1543,'CITY_NAME','Shahjahanpur ',37,''),(1544,'CITY_NAME','Shamli ',37,''),(1545,'CITY_NAME','Shamsabad, Agra ',37,''),(1546,'CITY_NAME','Shamsabad, Farrukhabad ',37,''),(1547,'CITY_NAME','Sherkot ',37,''),(1548,'CITY_NAME','Shikarpur, Bulandshahr ',37,''),(1549,'CITY_NAME','Shikohabad ',37,''),(1550,'CITY_NAME','Shishgarh ',37,''),(1551,'CITY_NAME','Siana ',37,''),(1552,'CITY_NAME','Sikanderpur ',37,''),(1553,'CITY_NAME','Sikandra Rao ',37,''),(1554,'CITY_NAME','Sikandrabad ',37,''),(1555,'CITY_NAME','Sirsaganj ',37,''),(1556,'CITY_NAME','Sirsi ',37,''),(1557,'CITY_NAME','Sitapur ',37,''),(1558,'CITY_NAME','Soron ',37,''),(1559,'CITY_NAME','Suar ',37,''),(1560,'CITY_NAME','Sultanpur ',37,''),(1561,'CITY_NAME','Sumerpur ',37,''),(1562,'CITY_NAME','Tanda ',37,''),(1563,'CITY_NAME','Tanda ',37,''),(1564,'CITY_NAME','Tetri Bazar ',37,''),(1565,'CITY_NAME','Thakurdwara ',37,''),(1566,'CITY_NAME','Thana Bhawan ',37,''),(1567,'CITY_NAME','Tilhar ',37,''),(1568,'CITY_NAME','Tirwaganj ',37,''),(1569,'CITY_NAME','Tulsipur ',37,''),(1570,'CITY_NAME','Tundla ',37,''),(1571,'CITY_NAME','Unnao ',37,''),(1572,'CITY_NAME','Utraula ',37,''),(1573,'CITY_NAME','Varanasi ',37,''),(1574,'CITY_NAME','Vrindavan ',37,''),(1575,'CITY_NAME','Warhapur ',37,''),(1576,'CITY_NAME','Zaidpur ',37,''),(1577,'CITY_NAME','Zamania ',37,''),(1578,'CITY_NAME','Almora ',38,''),(1579,'CITY_NAME','Bageshwar ',38,''),(1580,'CITY_NAME','Bazpur ',38,''),(1581,'CITY_NAME','Berinag ',38,''),(1582,'CITY_NAME','Chamba ',38,''),(1583,'CITY_NAME','Champawat ',38,''),(1584,'CITY_NAME','Chaukori ',38,''),(1585,'CITY_NAME','Dehradun ',38,''),(1586,'CITY_NAME','Haldwani ',38,''),(1587,'CITY_NAME','Haridwar ',38,''),(1588,'CITY_NAME','Jaspur ',38,''),(1589,'CITY_NAME','Kanda ',38,''),(1590,'CITY_NAME','Kashipur ',38,''),(1591,'CITY_NAME','kichha ',38,''),(1592,'CITY_NAME','Kotdwara ',38,''),(1593,'CITY_NAME','Manglaur ',38,''),(1594,'CITY_NAME','Mussoorie ',38,''),(1595,'CITY_NAME','Nagla ',38,''),(1596,'CITY_NAME','Nainital ',38,''),(1597,'CITY_NAME','Pauri ',38,''),(1598,'CITY_NAME','Pithoragarh ',38,''),(1599,'CITY_NAME','Ramnagar ',38,''),(1600,'CITY_NAME','Rishikesh ',38,''),(1601,'CITY_NAME','Roorkee ',38,''),(1602,'CITY_NAME','Rudrapur ',38,''),(1603,'CITY_NAME','Sitarganj ',38,''),(1604,'CITY_NAME','Tehri ',38,''),(1605,'CITY_NAME','Vijaypur ',38,''),(1606,'CITY_NAME','Asansol ',39,''),(1607,'CITY_NAME','Alipurduar ',39,''),(1608,'CITY_NAME','Arambagh ',39,''),(1609,'CITY_NAME','Adra ',39,''),(1610,'CITY_NAME','Bankura ',39,''),(1611,'CITY_NAME','Baharampur ',39,''),(1612,'CITY_NAME','Bally ',39,''),(1613,'CITY_NAME','Balurghat ',39,''),(1614,'CITY_NAME','Barakar ',39,''),(1615,'CITY_NAME','Barasat ',39,''),(1616,'CITY_NAME','Bardhaman ',39,''),(1617,'CITY_NAME','Barrackpur ',39,''),(1618,'CITY_NAME','Bidhan Nagar ',39,''),(1619,'CITY_NAME','Chinsura ',39,''),(1620,'CITY_NAME','Contai ',39,''),(1621,'CITY_NAME','Cooch Behar ',39,''),(1622,'CITY_NAME','Dalkhola ',39,''),(1623,'CITY_NAME','Darjeeling ',39,''),(1624,'CITY_NAME','Dhulian ',39,''),(1625,'CITY_NAME','Dumdum ',39,''),(1626,'CITY_NAME','Durgapur ',39,''),(1627,'CITY_NAME','Haldia ',39,''),(1628,'CITY_NAME','Howrah ',39,''),(1629,'CITY_NAME','Hugli-Chuchura ',39,''),(1630,'CITY_NAME','Habra* ',39,''),(1631,'CITY_NAME','Islampur ',39,''),(1632,'CITY_NAME','Jalpaiguri ',39,''),(1633,'CITY_NAME','Jhargram ',39,''),(1634,'CITY_NAME','Kalimpong ',39,''),(1635,'CITY_NAME','Kharagpur ',39,''),(1636,'CITY_NAME','Kolkata ',39,''),(1637,'CITY_NAME','Konnagar ',39,''),(1638,'CITY_NAME','Krishnanagar ',39,''),(1639,'CITY_NAME','Mainaguri ',39,''),(1640,'CITY_NAME','Mal ',39,''),(1641,'CITY_NAME','Mathabhanga ',39,''),(1642,'CITY_NAME','Medinipur ',39,''),(1643,'CITY_NAME','Memari ',39,''),(1644,'CITY_NAME','Monoharpur ',39,''),(1645,'CITY_NAME','Murshidabad ',39,''),(1646,'CITY_NAME','Nabadwip ',39,''),(1647,'CITY_NAME','Naihati ',39,''),(1648,'CITY_NAME','Panchla ',39,''),(1649,'CITY_NAME','Pandua ',39,''),(1650,'CITY_NAME','Paschim Punropara ',39,''),(1651,'CITY_NAME','Purulia ',39,''),(1652,'CITY_NAME','Raghunathpur ',39,''),(1653,'CITY_NAME','Raghunathganj ',39,''),(1654,'CITY_NAME','Raiganj ',39,''),(1655,'CITY_NAME','Rampurhat ',39,''),(1656,'CITY_NAME','Ranaghat ',39,''),(1657,'CITY_NAME','Sainthia ',39,''),(1658,'CITY_NAME','Santipur ',39,''),(1659,'CITY_NAME','Siliguri ',39,''),(1660,'CITY_NAME','Sonamukhi ',39,''),(1661,'CITY_NAME','Srirampore ',39,''),(1662,'CITY_NAME','Suri ',39,''),(1663,'CITY_NAME','Taki ',39,''),(1664,'CITY_NAME','Tamluk ',39,''),(1665,'CITY_NAME','Tarakeswar ',39,'');

/*Table structure for table `message_limits` */

DROP TABLE IF EXISTS `message_limits`;

CREATE TABLE `message_limits` (
  `id` int(11) NOT NULL,
  `limits` varchar(20) DEFAULT NULL,
  PRIMARY KEY (`id`)
) ENGINE=InnoDB DEFAULT CHARSET=utf8;

/*Data for the table `message_limits` */

insert  into `message_limits`(`id`,`limits`) values (0,'unlimited'),(5,'1-5 '),(10,'1-10'),(15,'1-15'),(20,'1-20');

/*Table structure for table `site_users` */

DROP TABLE IF EXISTS `site_users`;

CREATE TABLE `site_users` (
  `userId` bigint(20) NOT NULL AUTO_INCREMENT,
  `aboutMe` varchar(255) DEFAULT NULL,
  `createdDate` datetime DEFAULT NULL,
  `firstName` varchar(255) DEFAULT NULL,
  `isActive` varchar(255) DEFAULT NULL,
  `lastName` varchar(255) DEFAULT NULL,
  `loginEmail` varchar(255) DEFAULT NULL,
  `loginViaFB` varchar(255) DEFAULT NULL,
  `modifiedDate` datetime DEFAULT NULL,
  `password` varchar(255) DEFAULT NULL,
  `phoneNumber` varchar(255) DEFAULT NULL,
  `profilPic` longblob,
  `userName` varchar(255) DEFAULT NULL,
  `companyId` bigint(20) DEFAULT NULL,
  `userType` bigint(20) DEFAULT NULL,
  PRIMARY KEY (`userId`)
) ENGINE=InnoDB AUTO_INCREMENT=10 DEFAULT CHARSET=utf8;

/*Data for the table `site_users` */

insert  into `site_users`(`userId`,`aboutMe`,`createdDate`,`firstName`,`isActive`,`lastName`,`loginEmail`,`loginViaFB`,`modifiedDate`,`password`,`phoneNumber`,`profilPic`,`userName`,`companyId`,`userType`) values (8,' its all about me next level','2014-09-06 17:48:50','Naveen',NULL,'Verma','bharatverma2488@gmail.com',NULL,'2014-09-08 23:10:25','46137f08d6ff0bb9515190f59c494c17','8861456151',NULL,'bharatverma2488@gmail.com',NULL,1),(9,NULL,'2014-09-09 02:25:35','Akanksha',NULL,'Chaudhary','bharat@test.com',NULL,NULL,'46137f08d6ff0bb9515190f59c494c17','9058937777',NULL,'bharat@test.com',NULL,1);

/*Table structure for table `user_company` */

DROP TABLE IF EXISTS `user_company`;

CREATE TABLE `user_company` (
  `id` bigint(20) NOT NULL AUTO_INCREMENT,
  `companyName` varchar(50) DEFAULT NULL,
  `aboutCompany` text,
  PRIMARY KEY (`id`)
) ENGINE=InnoDB DEFAULT CHARSET=utf8;

/*Data for the table `user_company` */

/*Table structure for table `user_jobcategory_map` */

DROP TABLE IF EXISTS `user_jobcategory_map`;

CREATE TABLE `user_jobcategory_map` (
  `id` bigint(20) NOT NULL AUTO_INCREMENT,
  `userId` bigint(20) DEFAULT NULL,
  `jobCategoryID` int(11) DEFAULT NULL,
  PRIMARY KEY (`id`)
) ENGINE=InnoDB DEFAULT CHARSET=utf8;

/*Data for the table `user_jobcategory_map` */

/*Table structure for table `user_jobsubcategory_map` */

DROP TABLE IF EXISTS `user_jobsubcategory_map`;

CREATE TABLE `user_jobsubcategory_map` (
  `id` bigint(20) NOT NULL AUTO_INCREMENT,
  `userId` bigint(20) DEFAULT NULL,
  `jobSubCategoryId` int(11) DEFAULT NULL,
  PRIMARY KEY (`id`)
) ENGINE=InnoDB DEFAULT CHARSET=utf8;

/*Data for the table `user_jobsubcategory_map` */

/*Table structure for table `user_type` */

DROP TABLE IF EXISTS `user_type`;

CREATE TABLE `user_type` (
  `id` int(11) NOT NULL AUTO_INCREMENT,
  `userType` varchar(50) NOT NULL,
  PRIMARY KEY (`id`)
) ENGINE=InnoDB AUTO_INCREMENT=5 DEFAULT CHARSET=utf8;

/*Data for the table `user_type` */

insert  into `user_type`(`id`,`userType`) values (1,'Visitor'),(2,'Contractor'),(3,'Supplier'),(4,'Contractor & Supplier');

/*Table structure for table `userconnection` */

DROP TABLE IF EXISTS `userconnection`;

CREATE TABLE `userconnection` (
  `userId` varchar(255) NOT NULL,
  `providerId` varchar(255) NOT NULL,
  `providerUserId` varchar(255) NOT NULL DEFAULT '',
  `rank` int(11) NOT NULL,
  `displayName` varchar(255) DEFAULT NULL,
  `profileUrl` varchar(512) DEFAULT NULL,
  `imageUrl` varchar(512) DEFAULT NULL,
  `accessToken` varchar(255) NOT NULL,
  `secret` varchar(255) DEFAULT NULL,
  `refreshToken` varchar(255) DEFAULT NULL,
  `expireTime` bigint(20) DEFAULT NULL,
  PRIMARY KEY (`userId`,`providerId`,`providerUserId`),
  UNIQUE KEY `UserConnectionRank` (`userId`,`providerId`,`rank`)
) ENGINE=InnoDB DEFAULT CHARSET=utf8;

/*Data for the table `userconnection` */

/*Table structure for table `users_search` */

DROP TABLE IF EXISTS `users_search`;

CREATE TABLE `users_search` (
  `id` bigint(20) NOT NULL AUTO_INCREMENT,
  `userId` bigint(20) DEFAULT NULL,
  `userName` varchar(50) DEFAULT NULL,
  `state` bigint(15) DEFAULT NULL,
  `city` bigint(15) DEFAULT NULL,
  `pincode` varchar(10) DEFAULT NULL,
  `jobCategories` text,
  `jobSubCategories` text,
  `userTypeId` int(11) DEFAULT NULL,
  `aboutMe` varchar(255) DEFAULT NULL,
  PRIMARY KEY (`id`)
) ENGINE=InnoDB AUTO_INCREMENT=13 DEFAULT CHARSET=utf8;

/*Data for the table `users_search` */

insert  into `users_search`(`id`,`userId`,`userName`,`state`,`city`,`pincode`,`jobCategories`,`jobSubCategories`,`userTypeId`,`aboutMe`) values (11,8,'Naveen Verma',30,1114,'456232',NULL,NULL,1,' its all about me next level'),(12,9,'Akanksha Chaudhary',39,1607,'3131221',NULL,NULL,1,NULL);

/*!40101 SET SQL_MODE=@OLD_SQL_MODE */;
/*!40014 SET FOREIGN_KEY_CHECKS=@OLD_FOREIGN_KEY_CHECKS */;
/*!40014 SET UNIQUE_CHECKS=@OLD_UNIQUE_CHECKS */;
/*!40111 SET SQL_NOTES=@OLD_SQL_NOTES */;
